,x
1,0.049089755
2,0.058608084
3,0.089829702
4,0.002049852
5,0.050601168
6,0.002659793
7,0.71135436
8,0.139773391
9,0.106909787
10,0.202000338
11,0.025165279
12,0.049640323
13,0.139162347
14,0.044120809
15,0.009790637
16,0.191351578
17,0.598318158
18,0.209777103
19,0.040407472
20,0.130395964
21,0.126627718
22,0.047551789
23,0.162060826
24,0.062709618
25,0.136568727
26,0.08131913
27,0.108671764
28,0.311412271
29,0.027898399
30,0.024262326
31,0.19248243
32,0.051060438
33,0.262757583
34,0.095236917
35,0.08087605
36,0.016862564
37,0.011510706
38,0.038934364
39,0.131654684
40,0.115151926
41,0.368514667
42,0.026432786
43,0.039300828
44,0.176342227
45,0.000666031
46,0.410466766
47,0.171376619
48,0.101474911
49,0.072368192
50,0.000521032
51,0.067460584
52,0.31413533
53,0.022428507
54,0.047728862
55,0.003076812
56,0.048914779
57,0.055543616
58,0.289965547
59,0.142716738
60,0.096778755
61,0.02605637
62,0.040153954
63,0.030545429
64,0.016563836
65,0.02432801
66,0.13632508
67,0.056726899
68,0.134676906
69,0.065549347
70,0.045281609
71,0.485586854
72,0.108479495
73,0.013212607
74,0.003315013
75,0.279425704
76,0.04072235
77,0.046660455
78,0.066718123
79,0.014374805
80,0.060947398
81,0.315879155
82,0.038204031
83,0.069503805
84,0.036258053
85,0.053708987
86,0.207402388
87,0.293350056
88,0.068391109
89,0.004839475
90,0.043009039
91,0.165354717
92,0.038233945
93,0.028660106
94,0.013120655
95,0.065704712
96,0.122359351
97,0.228279527
98,0.063284583
99,0.040678056
100,0.123375873
101,0.053480115
102,0.021089334
103,0.029298819
104,0.090424088
105,0.141823186
106,0.014494976
107,0.134375865
108,0.055725743
109,0.04537815
110,0.061249359
111,0.191852851
112,0.148109589
113,0.217368476
114,0.081194409
115,0.026770564
116,0.18815439
117,0.182307516
118,0.056458502
119,0.023625855
120,0.000533664
121,0.189327258
122,0.270582249
123,0.284606703
124,0.240194897
125,0.012466296
126,0.033626313
127,0.097444215
128,0.04344553
129,0.133758556
130,0.081888327
131,0.025189322
132,0.007757364
133,0.027987026
134,0.194407806
135,0.238191693
136,0.007683451
137,0.054683615
138,0.113046059
139,0.102237634
140,0.016000189
141,0.130667253
142,0.003680809
143,0.029314477
144,0.069840328
145,0.063195044
146,0.02807357
147,0.039031936
148,0.02593834
149,0.064593505
150,0.233551475
151,0.001298026
152,0.206157925
153,0.26789481
154,0.072386153
155,0.069235269
156,0.006395328
157,0.292173063
158,0.042452367
159,0.173889757
160,0.107170939
161,0.181569499
162,0.002265055
163,0.115372799
164,0.009787865
165,0.293950202
166,0.410173074
167,0.088581873
168,0.148639423
169,0.238518976
170,0.065895903
171,0.00140561
172,0.004138626
173,0.045657767
174,0.07369313
175,0.329899745
176,0.069972699
177,0.155228594
178,0.384290538
179,0.02192384
180,0.04628681
181,0.034097924
182,0.017203104
183,0.039619007
184,0.229568606
185,0.180229922
186,0.144095325
187,0.094135477
188,0.128265595
189,0.040588886
190,0.080421748
191,0.024098645
192,0.026469489
193,0.145249307
194,0.145638639
195,0.001222311
196,0.185718796
197,0.184029788
198,0.052586409
199,0.038854947
200,0.235624507
201,0.051044222
202,0.121626429
203,0.039616297
204,0.028129395
205,0.065598951
206,0.00341296
207,0.041049786
208,0.027194945
209,0.048955656
210,0.018930089
211,0.016727251
212,0.320357876
213,0.06378279
214,0.203768667
215,0.192545688
216,0.095696238
217,0.048292197
218,0.019562699
219,0.015885328
220,0.006768118
221,0.063232476
222,0.047879939
223,0.11029894
224,0.102686982
225,0.131437249
226,0.102222619
227,0.0395679
228,0.063177619
229,0.014519749
230,0.002471977
231,0.012938435
232,0.111984126
233,0.220134766
234,0.11146917
235,0.135064956
236,0.001179508
237,0.154926245
238,0.254125408
239,0.094787575
240,0.021377641
241,0.184188777
242,0.018287825
243,0.25946789
244,0.009310252
245,0.048209915
246,0.341947498
247,0.456018285
248,0.053470318
249,0.060033126
250,0.008595153
251,0.138410327
252,0.086449816
253,0.084736591
254,0.216344791
255,0.077594201
256,0.138853201
257,0.076355468
258,0.020826514
259,0.027522623
260,0.332005051
261,0.348123838
262,0.014956121
263,0.390562889
264,0.008429929
265,0.068278674
266,0.068683832
267,0.507564805
268,0.040757178
269,0.107364555
270,0.549014183
271,0.05770785
272,0.143701415
273,0.151285944
274,0.07169256
275,0.001079998
276,0.043612657
277,0.019713988
278,0.283319704
279,0.006946663
280,0.016782862
281,0.014698163
282,0.14256349
283,0.023248952
284,0.133184325
285,0.069661463
286,0.095811456
287,0.108097337
288,0.151236392
289,0.061308135
290,0.031224909
291,0.081692884
292,0.104875417
293,0.052197894
294,0.061257868
295,0.021791224
296,0.249682395
297,0.092669992
298,0.007516012
299,0.142302739
300,0.032031298
301,0.170646387
302,0.035246143
303,0.062150505
304,0.0701215
305,0.025491452
306,0.05719536
307,0.060940742
308,0.016123474
309,0.075914569
310,0.052049491
311,0.254605363
312,0.030110547
313,0.141632944
314,0.055050457
315,0.053219658
316,0.131112218
317,0.116600021
318,0.038400744
319,0.109420981
320,0.040913715
321,0.163530521
322,0.063419375
323,0.058094177
324,0.217321556
325,0.034124825
326,0.098758707
327,0.100690312
328,0.016382935
329,0.033534542
330,0.124135587
331,0.003696607
332,0.033840967
333,0.041214731
334,0.071818843
335,0.250571288
336,0.146404611
337,0.082717862
338,0.108135272
339,0.195424969
340,0.008420552
341,0.39697117
342,0.027322823
343,0.02287087
344,0.058717576
345,0.034153442
346,0.019855026
347,0.193576338
348,0.273565646
349,0.040453554
350,0.125325657
351,0.23554712
352,0.240648885
353,0.014498895
354,0.040462423
355,0.213511711
356,0.08396442
357,0.040019832
358,0.202268422
359,0.009061701
360,0.173267782
361,0.074332417
362,0.194205437
363,0.114448173
364,0.061880844
365,0.179966235
366,0.044026413
367,0.0345271
368,0.049338132
369,0.188766501
370,0.377052826
371,0.016197794
372,0.232263248
373,0.084417802
374,0.040046119
375,0.206310403
376,0.062584086
377,0.044280681
378,0.49899725
379,0.00086824
380,0.051346491
381,0.112473252
382,0.071222032
383,0.034907232
384,0.089634911
385,0.015452772
386,0.354283664
387,0.130816472
388,0.023074013
389,0.013808585
390,0.017478664
391,0.073801309
392,0.010598515
393,0.02684194
394,0.091511088
395,0.238195702
396,0.26182089
397,0.085718656
398,0.171000529
399,0.002062345
400,0.050545765
401,0.106326114
402,0.076901886
403,0.001367993
404,0.040574714
405,0.001109787
406,0.072142139
407,0.111705643
408,0.040613704
409,0.026164499
410,0.033741296
411,0.01798428
412,0.075126625
413,0.171837927
414,0.00669231
415,0.032386553
416,0.081633022
417,0.034915182
418,0.01834408
419,0.031823834
420,0.453224396
421,0.234348962
422,0.01517871
423,0.112495941
424,0.039456686
425,0.249241475
426,0.00970919
427,0.073232342
428,0.037971519
429,0.045091095
430,0.035576926
431,0.08613505
432,0.362533899
433,0.567766069
434,0.057380249
435,0.062662377
436,0.104439724
437,0.098768717
438,0.246649393
439,0.049432759
440,0.166801055
441,0.062182542
442,0.026527754
443,0.026077118
444,0.002504816
445,0.129534623
446,0.202039216
447,0.083391458
448,0.123027057
449,0.387771851
450,0.414081814
451,0.083196501
452,0.007792931
453,0.05384285
454,0.031035373
455,0.027070325
456,0.047932032
457,0.05542305
458,0.261138671
459,0.082128772
460,0.00423856
461,0.048803477
462,0.111672998
463,0.054955792
464,0.016791002
465,0.001904885
466,0.085431614
467,0.062023111
468,0.047472582
469,0.001311347
470,0.118124036
471,0.022810337
472,0.043062874
473,0.212633423
474,0.139943864
475,0.104821053
476,0.001356513
477,0.116030816
478,0.072324347
479,0.063919488
480,0.132850737
481,0.042404145
482,0.023967375
483,0.010574274
484,0.023525491
485,0.022992645
486,0.111041778
487,0.023024597
488,0.155193654
489,0.083532276
490,0.052219244
491,0.002761855
492,0.024875453
493,0.243144815
494,0.085258209
495,0.092049836
496,0.06582661
497,0.112921592
498,0.11340874
499,0.057021906
500,0.242886582
501,0.008423374
502,0.190225664
503,0.024606842
504,0.134608218
505,0.165701935
506,0.005912917
507,0.045506454
508,0.210712421
509,0.384301015
510,0.113859449
511,0.199386355
512,0.08694686
513,0.042591398
514,0.089562505
515,0.02562295
516,0.003450519
517,0.093387454
518,0.000985847
519,0.018233512
520,0.191117986
521,0.025692135
522,0.023690981
523,0.177278342
524,0.026616827
525,0.050834938
526,0.024470762
527,0.225485857
528,0.286997193
529,0.120743275
530,0.03587602
531,0.236538378
532,0.015135938
533,0.033353407
534,0.063963389
535,0.388559099
536,0.012534561
537,0.052550426
538,0.148357729
539,0.009079165
540,0.05099009
541,0.076400643
542,0.131613301
543,0.001852427
544,0.187826095
545,0.204300782
546,0.292347959
547,0.476034399
548,0.102641015
549,0.177714833
550,0.082695809
551,0.058244731
552,0.256378722
553,0.092182719
554,0.38361146
555,0.113523496
556,0.013362657
557,0.076139555
558,0.19297466
559,0.013349051
560,0.053640641
561,0.090465622
562,0.116370352
563,0.030618406
564,0.116546733
565,0.29627326
566,0.046811419
567,0.14039858
568,0.01107906
569,0.013854227
570,0.09000792
571,0.210867384
572,0.285693217
573,0.092127439
574,0.032358537
575,0.182719851
576,0.013891511
577,0.407971889
578,0.122565684
579,0.122598967
580,0.026481715
581,0.077991036
582,0.046029684
583,0.014464181
584,0.065993015
585,0.013124345
586,0.103412068
587,0.116458935
588,0.087643408
589,0.177465417
590,0.090334166
591,0.00373776
592,0.11148405
593,0.002311047
594,0.038887295
595,0.148690845
596,0.261826322
597,0.05927162
598,0.01856208
599,0.059616473
600,0.012228838
601,0.032442708
602,0.014096318
603,0.146286185
604,0.020076906
605,0.009431318
606,0.067473308
607,0.027406156
608,0.429705606
609,0.053757444
610,0.148102325
611,0.440780296
612,0.019708316
613,0.084823957
614,0.169326474
615,0.017251092
616,0.133759304
617,0.161897319
618,0.258172089
619,0.076380811
620,0.566161401
621,0.078832573
622,0.19770321
623,0.046025148
624,0.026481054
625,0.068787173
626,0.00926473
627,0.386458946
628,0.052816389
629,0.147055911
630,0.057238102
631,0.43632891
632,0.180453071
633,0.252661724
634,0.037080134
635,0.034836063
636,0.003856147
637,0.061909862
638,0.0428019
639,0.068234846
640,0.162105209
641,0.080388676
642,0.050382651
643,0.035600965
644,0.209000058
645,0.059133518
646,0.065224622
647,0.116586815
648,0.105582804
649,0.003688291
650,0.00108133
651,0.019718882
652,0.025878671
653,0.277458122
654,0.124398745
655,0.001076402
656,0.334242892
657,0.109916815
658,0.06624558
659,0.131264636
660,0.089698364
661,0.335777656
662,0.002421358
663,0.133637994
664,0.12768625
665,0.046698174
666,0.082256769
667,0.014018537
668,0.008741052
669,0.237831765
670,0.000949419
671,0.074364814
672,0.154886982
673,0.370825435
674,0.141621402
675,0.047887724
676,0.776416776
677,0.107567862
678,0.06799029
679,0.110232307
680,0.059836598
681,0.106094871
682,0.005345087
683,0.057829153
684,0.292950504
685,0.190733919
686,0.201120853
687,0.005777339
688,0.032233535
689,0.083301754
690,0.146971919
691,0.044015385
692,0.215266935
693,0.230480177
694,0.019079925
695,0.09937945
696,0.178423273
697,0.138522896
698,0.260563288
699,0.130678207
700,0.00554285
701,0.045245934
702,0.085770597
703,0.118401872
704,0.022089918
705,0.040621958
706,0.081707715
707,0.004915001
708,0.134914739
709,0.277228029
710,0.321737911
711,0.086307894
712,0.059493721
713,0.04465408
714,0.328689259
715,0.08439255
716,0.578754006
717,0.023037733
718,0.288142838
719,0.058694802
720,0.113391864
721,0.053368214
722,0.031613673
723,0.153260928
724,0.064117723
725,0.015051334
726,0.077414782
727,0.377768506
728,0.0673852
729,0.018616855
730,0.018996272
731,0.108583454
732,0.017064725
733,0.084189175
734,0.086321714
735,0.00679245
736,0.024865604
737,0.121515058
738,0.039174437
739,0.188138744
740,0.109625517
741,0.179481435
742,0.02011377
743,0.046994203
744,0.264463973
745,0.021787248
746,0.071629649
747,0.077228207
748,0.005866019
749,0.376314046
750,0.064218019
751,0.042109417
752,0.118265513
753,0.021064399
754,0.034645457
755,0.168443979
756,0.004222264
757,0.044844959
758,0.097127787
759,0.247868862
760,0.058567519
761,0.036527773
762,0.011706166
763,0.100462886
764,0.024643347
765,0.217265056
766,0.174955609
767,0.011314753
768,0.150536645
769,0.016068902
770,0.047533309
771,0.170197692
772,0.124893404
773,0.096026959
774,0.085854192
775,0.0592805
776,0.042226647
777,0.122996579
778,0.085146934
779,0.108303076
780,0.056292615
781,0.219959121
782,0.027699139
783,0.002365149
784,0.033747721
785,0.210966634
786,0.071763351
787,0.036007694
788,0.069569884
789,0.111917876
790,0.012820166
791,0.214287798
792,0.226471844
793,0.113764222
794,0.262282991
795,0.005559789
796,0.004494977
797,0.165145499
798,0.321569434
799,0.068528822
800,0.154987367
801,0.069027402
802,0.006700334
803,0.047766943
804,0.006589668
805,0.045946391
806,0.277399784
807,0.239439572
808,0.016401504
809,0.251698375
810,0.172728428
811,0.090275005
812,0.137764524
813,0.027251916
814,0.186411198
815,0.024052443
816,0.069704527
817,0.133110986
818,0.103999264
819,0.25595812
820,0.056246597
821,0.399755786
822,0.322741521
823,0.052706572
824,0.038241302
825,0.193461815
826,0.019214385
827,0.016669843
828,0.069111562
829,0.165652874
830,0.046081272
831,0.162986538
832,0.068367334
833,0.660439596
834,0.073855472
835,0.029681217
836,0.031696374
837,0.153114447
838,0.08168665
839,0.410584681
840,0.271449054
841,0.10541934
842,0.001252443
843,0.196197074
844,0.091185934
845,0.056267781
846,0.020768452
847,0.108046441
848,0.013014231
849,0.398451599
850,0.059310556
851,0.12867809
852,0.00741135
853,0.11871317
854,0.125511417
855,0.111709027
856,0.152685991
857,0.092229307
858,0.0979122
859,0.31870884
860,0.082569968
861,0.11273721
862,0.075744272
863,0.065201211
864,0.245509776
865,0.037665222
866,0.003432435
867,0.07436241
868,0.04979965
869,0.146029154
870,0.014140467
871,0.083222253
872,0.004003115
873,0.386308783
874,0.055898557
875,0.046677001
876,0.100001139
877,0.183798572
878,0.110894931
879,0.007811911
880,0.122823115
881,0.033448509
882,0.072803591
883,0.030236096
884,0.002213812
885,0.101562349
886,0.150662639
887,0.052710704
888,0.099821409
889,0.192557624
890,0.170241603
891,0.103667905
892,0.103032416
893,0.079789191
894,0.039735352
895,0.073400819
896,0.005745002
897,0.004491264
898,0.089772713
899,0.112815823
900,0.039527825
901,0.01759098
902,0.055663954
903,0.094498893
904,0.018717132
905,0.007761494
906,0.131107387
907,0.013576557
908,0.177425836
909,0.002139408
910,0.286157691
911,0.02768687
912,0.134146842
913,0.259221761
914,0.068003511
915,0.002725282
916,0.074182203
917,0.256387332
918,0.051207772
919,0.178204524
920,0.022807869
921,0.031277279
922,0.110506911
923,0.326300092
924,0.041679086
925,0.077820997
926,0.071720417
927,0.022158708
928,0.077741622
929,0.056484204
930,0.153769397
931,0.019332542
932,0.089138056
933,0.032325206
934,0.20645043
935,0.005725364
936,0.079247173
937,0.076112697
938,0.040790652
939,0.123356626
940,0.002469768
941,0.066875867
942,0.091906852
943,0.047720204
944,0.045385025
945,0.062230628
946,0.020424412
947,0.037440736
948,0.034939401
949,0.021023328
950,0.008050994
951,0.019656444
952,0.004720444
953,0.015928802
954,0.144384161
955,0.100828865
956,0.039626075
957,0.17113745
958,0.055048479
959,0.052932203
960,0.055111914
961,0.151189092
962,0.38322444
963,0.077742625
964,0.049455104
965,0.01767314
966,0.02214553
967,0.108107592
968,0.129487156
969,0.109954191
970,0.072987856
971,0.262662437
972,0.079022799
973,0.138848593
974,0.05615857
975,0.029180489
976,0.006942602
977,0.100163226
978,0.045135689
979,0.181749279
980,0.068749466
981,0.070432117
982,0.012240349
983,0.03158731
984,0.072542093
985,0.063875972
986,0.078549021
987,0.002285013
988,0.009737396
989,0.053842824
990,0.000521347
991,0.168466407
992,0.176224656
993,0.011423427
994,0.070026355
995,0.063107179
996,0.081980662
997,0.125315749
998,0.130219873
999,0.058582327
1000,0.051422678
1001,0.119404911
1002,0.440221612
1003,0.040699593
1004,0.458425519
1005,0.012723693
1006,0.040767212
1007,0.098436619
1008,0.062591246
1009,0.446555555
1010,0.16290201
1011,0.106366093
1012,0.066178191
1013,0.048185196
1014,0.464573213
1015,0.001144647
1016,0.001734684
1017,0.0023196
1018,0.068679319
1019,0.09169243
1020,0.03794212
1021,0.023118785
1022,0.018941293
1023,0.069582557
1024,0.033695167
1025,0.098114041
1026,0.145883672
1027,0.137610953
1028,0.012199767
1029,0.022000863
1030,0.224929767
1031,0.149388291
1032,0.051198857
1033,0.025522526
1034,0.236205665
1035,0.176287623
1036,0.307131924
1037,0.414673127
1038,0.139616913
1039,0.25422165
1040,0.342292493
1041,0.238093807
1042,0.118814552
1043,0.056316773
1044,0.079574526
1045,0.094231074
1046,0.198815829
1047,0.031197096
1048,0.036182492
1049,0.11814445
1050,0.216328244
1051,0.071997453
1052,0.266611639
1053,0.049615608
1054,0.027051464
1055,0.003281896
1056,0.130374718
1057,0.078228575
1058,0.070214554
1059,0.04218242
1060,0.072618373
1061,0.233269471
1062,0.094584766
1063,0.096731642
1064,0.060319917
1065,0.019547873
1066,0.08933272
1067,0.041349942
1068,0.052097993
1069,0.013626971
1070,0.417607874
1071,0.021100616
1072,0.279566104
1073,0.010611398
1074,0.540818478
1075,0.022190581
1076,0.184557962
1077,0.009935573
1078,0.03484118
1079,0.022656767
1080,0.15443572
1081,0.464157775
1082,0.006448372
1083,0.017944032
1084,0.060765775
1085,0.025577284
1086,0.101108772
1087,0.010913899
1088,0.070726427
1089,0.002462952
1090,0.134004905
1091,0.145323478
1092,0.133377159
1093,0.069529612
1094,0.002087712
1095,0.058300138
1096,0.018160651
1097,0.140820207
1098,0.049946614
1099,0.160908908
1100,0.056012126
1101,0.115892026
1102,0.151718608
1103,0.051458209
1104,0.060000148
1105,0.162075016
1106,0.079803531
1107,0.320385577
1108,0.019347204
1109,0.137719413
1110,0.012816452
1111,0.032269778
1112,0.190828911
1113,0.049391085
1114,0.020471356
1115,0.014653039
1116,0.355199437
1117,0.236524608
1118,0.15006435
1119,0.025642041
1120,0.056744881
1121,0.03009577
1122,0.341439426
1123,0.002641033
1124,0.179995065
1125,0.026838599
1126,0.134117567
1127,0.09854193
1128,0.193268376
1129,0.067543635
1130,0.235050816
1131,0.188974937
1132,0.01890989
1133,0.035175571
1134,0.151739012
1135,0.159417356
1136,0.061828156
1137,0.349052098
1138,0.078837118
1139,0.074660193
1140,0.105684328
1141,0.148253893
1142,0.13679335
1143,0.036357342
1144,0.186631709
1145,0.140655921
1146,0.261511101
1147,0.0947936
1148,0.099641666
1149,0.028320501
1150,0.080955109
1151,0.207853872
1152,0.142665779
1153,0.056689874
1154,0.081427388
1155,0.192510929
1156,0.158389141
1157,0.008725749
1158,0.185546687
1159,0.031685372
1160,0.127412745
1161,0.045240512
1162,0.100754458
1163,0.042880541
1164,0.066250897
1165,0.003972317
1166,0.136253952
1167,0.003203504
1168,0.058903126
1169,0.097568166
1170,0.198827494
1171,0.210262662
1172,0.275560949
1173,0.002177071
1174,0.049098127
1175,0.008536182
1176,0.029015986
1177,0.079167097
1178,0.312738847
1179,0.238105128
1180,0.120029035
1181,0.146942732
1182,0.043462275
1183,0.217166461
1184,0.008660366
1185,0.143651892
1186,0.023161077
1187,0.252415878
1188,0.015949495
1189,0.101078621
1190,0.098446532
1191,0.027063881
1192,0.007038269
1193,0.015086015
1194,0.181113608
1195,0.002225028
1196,0.176181135
1197,0.17741241
1198,0.132312077
1199,0.055287272
1200,0.026489699
1201,0.125435094
1202,0.019960726
1203,0.006518244
1204,0.059950164
1205,0.076409522
1206,0.045286207
1207,0.038884433
1208,0.347389053
1209,0.024065759
1210,0.338492943
1211,0.300779996
1212,0.044425442
1213,0.074415828
1214,0.471453122
1215,0.037713206
1216,0.024900449
1217,0.343745819
1218,0.01221462
1219,0.109174746
1220,0.061967245
1221,0.047136066
1222,0.083980144
1223,0.034580411
1224,0.062853052
1225,0.138267344
1226,0.080610472
1227,0.201082313
1228,0.002357536
1229,0.079436951
1230,0.141616245
1231,0.245656131
1232,0.019746631
1233,0.136614522
1234,0.053278876
1235,0.201175391
1236,0.172082205
1237,0.089114172
1238,0.255057974
1239,0.283334646
1240,0.033388654
1241,0.274923947
1242,0.161462592
1243,0.099699138
1244,0.083384605
1245,0.285129266
1246,0.02405153
1247,0.456997991
1248,0.046127609
1249,0.156556858
1250,0.164581063
1251,0.106716786
1252,0.039681713
1253,0.251572702
1254,0.001486254
1255,0.02396763
1256,0.058288549
1257,0.123323474
1258,0.032293716
1259,0.001341173
1260,0.083186746
1261,0.111659382
1262,0.128115905
1263,0.000626686
1264,0.128421122
1265,0.099056743
1266,0.019489886
1267,0.073921434
1268,0.071427172
1269,0.039660884
1270,0.150994686
1271,0.171541465
1272,0.003680111
1273,0.152345155
1274,0.218456625
1275,0.142452078
1276,0.236158565
1277,0.245753483
1278,0.00597643
1279,0.287268855
1280,0.042865541
1281,0.20948411
1282,0.133804221
1283,0.166567499
1284,0.058320889
1285,0.047604445
1286,0.031365647
1287,0.139789314
1288,0.27404283
1289,0.224685712
1290,0.208467374
1291,0.041780239
1292,0.105422371
1293,0.200330324
1294,0.042049102
1295,0.014991159
1296,0.293106232
1297,0.124733754
1298,0.039654399
1299,0.077682072
1300,0.28850282
1301,0.084865739
1302,0.052894968
1303,0.105541988
1304,0.167678554
1305,0.13811304
1306,0.032962794
1307,0.054462377
1308,0.114453602
1309,0.091098179
1310,0.11145392
1311,0.019267867
1312,0.011060471
1313,0.137963867
1314,0.044928794
1315,0.180265685
1316,0.171211222
1317,0.051589839
1318,0.061840865
1319,0.342090651
1320,0.005306619
1321,0.094513157
1322,0.305844613
1323,0.274846231
1324,0.109328598
1325,0.104748657
1326,0.049050643
1327,0.295366366
1328,0.011368062
1329,0.074033062
1330,0.051413329
1331,0.115716895
1332,0.125669193
1333,0.062617508
1334,0.022766469
1335,0.048471658
1336,0.044887029
1337,0.119588065
1338,0.081612645
1339,0.095552321
1340,0.264530536
1341,0.019110491
1342,0.055479423
1343,0.070986779
1344,0.057645163
1345,0.042739339
1346,0.280038525
1347,0.061442822
1348,0.201008404
1349,0.054468898
1350,0.061395133
1351,0.054097947
1352,0.226080831
1353,0.035892994
1354,0.303082206
1355,0.002486715
1356,0.003926811
1357,0.478852105
1358,0.128560569
1359,0.046107183
1360,0.035836102
1361,0.031976874
1362,0.236815395
1363,0.07300497
1364,0.062561642
1365,0.383092928
1366,0.001071996
1367,0.004166621
1368,0.355093795
1369,0.133687206
1370,0.033311222
1371,0.26458646
1372,0.038289905
1373,0.348552054
1374,0.042129302
1375,0.313025033
1376,0.087529767
1377,0.133810753
1378,0.161089667
1379,0.015447724
1380,0.238651249
1381,0.044938833
1382,0.175430509
1383,0.070586838
1384,0.065366022
1385,0.004143335
1386,0.092201673
1387,0.049782983
1388,0.003826332
1389,0.026369937
1390,0.107536297
1391,0.083993685
1392,0.052593994
1393,0.184281894
1394,0.063569804
1395,0.052368151
1396,0.149618851
1397,0.03682625
1398,0.054636237
1399,0.096751237
1400,0.025940543
1401,0.056847699
1402,0.001087182
1403,0.114434784
1404,0.031452265
1405,0.001004022
1406,0.231194027
1407,0.069296571
1408,0.006240997
1409,0.022287135
1410,0.051977995
1411,0.263388096
1412,0.148743274
1413,0.026257736
1414,0.010806988
1415,0.002745661
1416,0.055937605
1417,0.005925137
1418,0.064348464
1419,0.258890971
1420,0.04168686
1421,0.173905782
1422,0.014315159
1423,0.135635428
1424,0.009423772
1425,0.317276906
1426,0.072213064
1427,0.230215057
1428,0.036328495
1429,0.023680638
1430,0.141191992
1431,0.019364861
1432,0.00301574
1433,0.139614228
1434,0.021346407
1435,0.151419649
1436,0.032717368
1437,0.149419882
1438,0.030244835
1439,0.040138601
1440,0.122139185
1441,0.031634549
1442,0.014473857
1443,0.084555835
1444,0.03363467
1445,0.107399571
1446,0.035510113
1447,0.030009948
1448,0.058026912
1449,0.335774572
1450,0.287414555
1451,0.215303375
1452,0.320877983
1453,0.011386944
1454,0.108805692
1455,0.001858386
1456,0.074382494
1457,0.268008414
1458,7.56E-05
1459,0.05879075
1460,0.070848319
1461,0.000383143
1462,0.02205749
1463,0.091033817
1464,0.371465436
1465,0.058313369
1466,0.029316809
1467,0.176497632
1468,0.126663378
1469,0.029126653
1470,0.355166681
1471,0.210837968
1472,0.138690221
1473,0.005197059
1474,0.146377645
1475,0.522001967
1476,0.210394838
1477,0.003933759
1478,0.141152204
1479,0.141390538
1480,0.256925655
1481,0.091955929
1482,0.024735086
1483,0.007868561
1484,0.127103171
1485,0.019149351
1486,0.107150458
1487,0.132149655
1488,0.219516861
1489,0.249655111
1490,0.147514128
1491,0.044778391
1492,0.312370693
1493,0.069706635
1494,0.004588924
1495,0.057943051
1496,0.282146818
1497,0.012980171
1498,0.000203092
1499,0.003047014
1500,0.052624504
1501,0.12485465
1502,0.092868848
1503,0.111359696
1504,0.039839519
1505,0.044891781
1506,0.106211804
1507,0.048952299
1508,0.169666895
1509,0.16591036
1510,0.156912111
1511,0.054955759
1512,0.109632463
1513,0.058550319
1514,0.001372774
1515,0.027658973
1516,0.032146785
1517,0.50004963
1518,0.016657923
1519,0.143019137
1520,0.049819782
1521,0.019973975
1522,0.017198208
1523,0.327378541
1524,0.318856856
1525,0.058338923
1526,0.15879836
1527,0.321114918
1528,0.083284118
1529,0.031637647
1530,0.182406103
1531,0.024605746
1532,0.090308316
1533,0.103690983
1534,0.119339543
1535,0.298437473
1536,0.043677095
1537,0.114736843
1538,0.191128215
1539,0.067183472
1540,0.062048152
1541,0.323862981
1542,0.053977977
1543,0.190596653
1544,0.092294831
1545,0.048182276
1546,0.153789048
1547,0.031331806
1548,0.166143328
1549,0.104947988
1550,0.013857937
1551,0.205526683
1552,0.130597535
1553,0.402992047
1554,0.065941387
1555,0.071478217
1556,0.079498379
1557,0.36928469
1558,0.182184052
1559,0.139743329
1560,0.028178945
1561,0.223999337
1562,0.173004469
1563,0.03329344
1564,0.022174991
1565,0.000782053
1566,0.582765419
1567,0.145193683
1568,0.019457392
1569,0.3241263
1570,0.001800212
1571,0.168317873
1572,0.542007809
1573,0.000144377
1574,0.01589382
1575,0.014971087
1576,0.067177195
1577,0.207465739
1578,0.004965159
1579,0.005786011
1580,0.000661688
1581,0.081984252
1582,0.055421386
1583,0.007682452
1584,0.08117451
1585,0.039929448
1586,0.099962468
1587,0.050749192
1588,0.35326576
1589,0.238580672
1590,0.051573773
1591,0.132554832
1592,0.106850278
1593,0.066929756
1594,0.117337538
1595,0.024507028
1596,0.011226003
1597,0.221953764
1598,0.061204966
1599,0.054065265
1600,0.008175195
1601,0.205930293
1602,0.120917041
1603,0.423651721
1604,0.062560279
1605,0.035452867
1606,0.238236722
1607,0.041765421
1608,0.188667482
1609,0.113856928
1610,0.019990036
1611,0.00180767
1612,0.034505004
1613,0.140752642
1614,0.14824001
1615,0.107407663
1616,0.084702014
1617,0.389679477
1618,0.016792889
1619,0.008614816
1620,0.022656673
1621,0.122448327
1622,0.036564652
1623,0.037316849
1624,0.023590961
1625,0.08448517
1626,0.005690858
1627,0.010426072
1628,0.095334193
1629,0.236331251
1630,0.241027267
1631,0.060992462
1632,0.158056773
1633,0.140888209
1634,0.290412822
1635,0.871962066
1636,0.073747246
1637,0.068713077
1638,0.002203288
1639,0.112127431
1640,0.207718286
1641,0.037444423
1642,0.007966454
1643,0.068444922
1644,0.00671396
1645,0.011261361
1646,0.038513941
1647,0.120447627
1648,0.045798705
1649,0.044336785
1650,0.093910941
1651,0.140790871
1652,0.266093706
1653,0.236848421
1654,0.011894025
1655,0.165168218
1656,0.121498656
1657,0.005276497
1658,0.047065011
1659,0.237454922
1660,0.146764687
1661,0.386698182
1662,0.018983864
1663,0.388882584
1664,0.406733994
1665,0.162322474
1666,0.000117542
1667,0.057368661
1668,0.142152726
1669,0.063115194
1670,0.148475687
1671,0.178699457
1672,0.045229325
1673,0.123312787
1674,0.078318124
1675,0.164214355
1676,0.067507373
1677,0.166749515
1678,0.062221388
1679,0.074724092
1680,0.01340684
1681,0.017771623
1682,0.020346262
1683,0.002388876
1684,0.025790637
1685,0.058119671
1686,0.014055663
1687,0.087038294
1688,0.026620179
1689,0.024871717
1690,0.004692535
1691,0.135056495
1692,0.162071973
1693,0.480497521
1694,0.048940326
1695,0.131420559
1696,0.005512926
1697,0.191503843
1698,0.018202078
1699,0.114096213
1700,0.03312884
1701,0.08630253
1702,0.25853829
1703,0.015917369
1704,0.061678547
1705,0.073169686
1706,0.049421239
1707,0.215573476
1708,0.056172151
1709,0.051070333
1710,0.05911712
1711,0.094383232
1712,0.000214875
1713,0.09197296
1714,0.215208226
1715,0.001056235
1716,0.444335888
1717,0.020030879
1718,0.237320215
1719,0.061074651
1720,0.076052278
1721,0.018500528
1722,0.005452464
1723,0.079990251
1724,0.026095677
1725,0.119590709
1726,0.031844751
1727,0.021459994
1728,0.025512174
1729,0.013356418
1730,0.325728661
1731,0.014077274
1732,0.195826943
1733,0.178075138
1734,0.010836185
1735,0.055843912
1736,0.057379055
1737,0.272018867
1738,0.202780965
1739,0.167857995
1740,0.05228564
1741,0.046409299
1742,0.03604823
1743,0.103440441
1744,0.165543258
1745,0.043739641
1746,0.194323025
1747,0.024546305
1748,0.024123694
1749,0.050253335
1750,0.157731705
1751,0.034082643
1752,0.051015545
1753,0.234732302
1754,0.08201327
1755,0.75146267
1756,0.044663245
1757,0.013137568
1758,0.085303427
1759,0.137564205
1760,0.036115546
1761,0.198795622
1762,0.055940135
1763,0.199100962
1764,0.01333503
1765,0.047151274
1766,0.221566806
1767,0.056430586
1768,0.271924005
1769,0.055240221
1770,0.167568861
1771,0.105878126
1772,0.00116947
1773,0.123357765
1774,0.100776909
1775,0.161869517
1776,0.018086333
1777,0.229685837
1778,0.000850198
1779,0.261391
1780,0.083598288
1781,0.15989174
1782,0.10233853
1783,0.250136939
1784,0.079401001
1785,0.048414051
1786,0.186856256
1787,0.123023715
1788,0.027828362
1789,0.007954428
1790,0.096365355
1791,0.058544963
1792,0.043127098
1793,0.052625329
1794,0.00775379
1795,0.06743648
1796,0.390526913
1797,0.072116386
1798,0.015093051
1799,0.053786056
1800,0.049134302
1801,0.007643462
1802,0.042162016
1803,0.005894324
1804,0.097618864
1805,0.134073912
1806,0.080828228
1807,0.391218516
1808,0.131767476
1809,0.131941718
1810,0.043643142
1811,0.042965203
1812,0.150186545
1813,0.17810296
1814,0.144571584
1815,0.055850899
1816,0.00272471
1817,0.091540489
1818,0.290275754
1819,0.003978705
1820,0.011330429
1821,0.02872688
1822,0.000422262
1823,0.022683996
1824,0.011353503
1825,0.041291165
1826,0.213253366
1827,0.322984499
1828,0.165149922
1829,0.348733531
1830,0.03847724
1831,0.006471119
1832,0.021750155
1833,0.106691568
1834,0.013688354
1835,0.041075062
1836,0.39027169
1837,0.069062776
1838,0.411760564
1839,0.152024606
1840,0.130973548
1841,0.004675264
1842,0.020774393
1843,0.269424179
1844,0.095897883
1845,0.078213173
1846,0.05558473
1847,0.012030252
1848,0.023394121
1849,0.13655322
1850,0.047725675
1851,0.327417826
1852,0.159782805
1853,0.091143769
1854,0.166174109
1855,0.002164755
1856,0.182810411
1857,0.025719984
1858,0.00159909
1859,0.09913011
1860,0.078015915
1861,0.00836581
1862,0.07411829
1863,0.009608421
1864,0.014005857
1865,0.020688807
1866,0.099292201
1867,0.086874459
1868,0.039144026
1869,0.160083724
1870,0.003153297
1871,0.244933957
1872,0.05771749
1873,0.039104118
1874,0.294527872
1875,0.109239536
1876,0.177690464
1877,0.157471071
1878,0.077350848
1879,0.004887276
1880,0.232692092
1881,0.028887391
1882,0.05101398
1883,0.084031572
1884,0.147878406
1885,0.03213477
1886,0.049188803
1887,0.021211585
1888,0.480557222
1889,0.019980777
1890,0.120661896
1891,0.14940496
1892,0.000126987
1893,0.084457313
1894,0.120619076
1895,0.03623021
1896,0.037125607
1897,0.043304625
1898,0.0523653
1899,0.007597351
1900,0.354896803
1901,0.0872542
1902,0.025851925
1903,0.069843021
1904,0.225969686
1905,0.20306177
1906,0.269519691
1907,0.110976409
1908,0.215240877
1909,0.025913029
1910,0.017767602
1911,0.115965935
1912,0.157131002
1913,0.089876698
1914,0.213915374
1915,0.268703299
1916,0.039378219
1917,0.048546241
1918,0.104623312
1919,0.038016589
1920,0.011288657
1921,0.413027325
1922,0.056129211
1923,0.015018334
1924,0.006018187
1925,0.012275789
1926,0.24438253
1927,0.059291016
1928,0.233216276
1929,0.085361226
1930,0.32829686
1931,0.142128843
1932,0.16194386
1933,0.205880429
1934,0.036248673
1935,0.012905648
1936,0.036294086
1937,0.031352609
1938,0.06683166
1939,0.082756901
1940,0.029542343
1941,0.072111435
1942,0.151253888
1943,0.054885994
1944,0.008898714
1945,0.098359417
1946,0.005562303
1947,0.229651979
1948,0.48999453
1949,0.240581596
1950,0.00989223
1951,0.137986158
1952,0.086090653
1953,0.089229657
1954,0.019365712
1955,0.061109027
1956,0.177222127
1957,0.182555525
1958,0.132731581
1959,0.00583256
1960,0.186717677
1961,0.196368348
1962,0.011695566
1963,0.038233563
1964,0.079908523
1965,0.098996731
1966,0.048857925
1967,0.011423244
1968,0.347556099
1969,0.159575303
1970,0.201044307
1971,0.381693687
1972,0.501861985
1973,0.17547596
1974,0.139695338
1975,0.050036606
1976,0.097253845
1977,0.033116252
1978,0.080807778
1979,0.3363572
1980,0.095583949
1981,0.022854946
1982,0.031289396
1983,0.279163362
1984,0.115403972
1985,0.041401714
1986,0.30263295
1987,0.01611567
1988,0.113007295
1989,0.015417652
1990,0.045746616
1991,0.604166718
1992,0.141650578
1993,0.027424394
1994,0.004202087
1995,0.053066364
1996,0.202231707
1997,0.459946158
1998,0.156834044
1999,0.025268452
2000,0.157919059
2001,0.041190411
2002,0.064066007
2003,0.172015103
2004,0.162624702
2005,0.107342801
2006,0.037262406
2007,0.063064517
2008,0.099905164
2009,0.30825589
2010,0.057267239
2011,0.010921983
2012,0.243739226
2013,0.130814972
2014,0.091292589
2015,0.028088425
2016,0.092404448
2017,0.12199461
2018,0.000798274
2019,0.011488051
2020,0.039011779
2021,0.601622183
2022,0.216661008
2023,0.077456763
2024,0.108078969
2025,0.226957143
2026,0.105453322
2027,0.041878566
2028,0.002893981
2029,0.106563239
2030,0.098305381
2031,0.003696412
2032,0.010674722
2033,0.18522544
2034,0.051026797
2035,0.243588777
2036,0.194249196
2037,0.09765128
2038,0.028086663
2039,0.047742161
2040,0.187429854
2041,0.013039528
2042,0.002901892
2043,0.045389747
2044,0.094754734
2045,0.059063792
2046,0.18377115
2047,0.000395621
2048,0.134841114
2049,0.041647109
2050,0.135694551
2051,0.047740751
2052,0.190419414
2053,0.189224371
2054,0.366401048
2055,0.095286237
2056,0.033342405
2057,0.052342887
2058,0.158082078
2059,0.06120502
2060,0.048311052
2061,0.049677772
2062,0.143675641
2063,0.115576654
2064,0.146311687
2065,0.10469729
2066,0.003569837
2067,0.162489594
2068,0.234217424
2069,0.03969653
2070,0.022415807
2071,0.164368016
2072,0.010416743
2073,0.04232323
2074,0.004093244
2075,0.031029949
2076,0.036552436
2077,0.242849082
2078,0.01574467
2079,0.08817472
2080,0.009653913
2081,0.004422527
2082,0.128122205
2083,0.0872618
2084,0.0475221
2085,0.039586221
2086,0.018296382
2087,0.270306116
2088,0.133128918
2089,0.420027811
2090,0.021019759
2091,0.058265944
2092,0.000715045
2093,0.11663744
2094,0.149839582
2095,0.011207339
2096,0.066450905
2097,0.071211128
2098,0.277807875
2099,0.017826433
2100,0.005161852
2101,0.40595169
2102,0.134563094
2103,0.159856789
2104,0.188593973
2105,0.014917864
2106,0.215007331
2107,0.007553958
2108,0.043053648
2109,0.15424577
2110,0.001592361
2111,0.013187945
2112,0.365346794
2113,0.022775391
2114,0.022155867
2115,0.009026107
2116,0.064388062
2117,0.017209875
2118,0.224993023
2119,0.022590903
2120,0.010990876
2121,0.106361356
2122,0.197868773
2123,0.011740627
2124,0.035110585
2125,0.098492231
2126,0.215380216
2127,0.037994783
2128,0.011652993
2129,0.530769781
2130,0.00773549
2131,0.35458281
2132,0.155735777
2133,0.167041451
2134,0.373903485
2135,0.308133622
2136,0.027776175
2137,0.018780894
2138,0.070965351
2139,0.060696706
2140,0.095612455
2141,0.196878591
2142,0.093893943
2143,0.082148205
2144,0.022464894
2145,0.041250044
2146,0.076275125
2147,0.06133296
2148,0.060586453
2149,0.036694299
2150,0.062228634
2151,0.031326503
2152,0.188592158
2153,0.042946223
2154,0.005399363
2155,0.054737984
2156,0.342070666
2157,0.235680586
2158,0.00695822
2159,0.113389764
2160,0.352613364
2161,0.001614672
2162,0.079008967
2163,0.189451113
2164,0.071975894
2165,0.243922654
2166,0.137657236
2167,0.223138481
2168,0.077195541
2169,0.023090883
2170,0.005305865
2171,0.110519621
2172,0.228744679
2173,0.134857876
2174,0.351784268
2175,0.132109587
2176,0.042518528
2177,0.216735794
2178,0.061610035
2179,0.115633344
2180,0.04774587
2181,0.165997299
2182,0.18822451
2183,0.030767354
2184,0.116786386
2185,0.225068054
2186,0.049622299
2187,0.12626888
2188,0.016196108
2189,0.132930985
2190,0.141718115
2191,0.235942279
2192,0.003993044
2193,0.011482422
2194,0.002863008
2195,0.05742322
2196,0.134255204
2197,0.010484515
2198,0.373936692
2199,0.019512506
2200,0.224933419
2201,0.160201752
2202,0.147398835
2203,0.083129444
2204,0.151227559
2205,0.051794753
2206,0.08677856
2207,0.111473897
2208,0.366754678
2209,0.133080057
2210,0.094923563
2211,0.162914998
2212,0.13611476
2213,0.01414311
2214,0.049618075
2215,0.159421645
2216,0.410587409
2217,0.240176522
2218,0.255799542
2219,0.003252445
2220,0.001219768
2221,0.122698521
2222,0.062397613
2223,0.050093141
2224,0.074775393
2225,0.02152381
2226,0.015801474
2227,0.277098341
2228,0.213680601
2229,0.209131369
2230,0.016026934
2231,0.0956926
2232,0.012822752
2233,0.05560104
2234,0.122473826
2235,0.092313453
2236,0.027842035
2237,0.704513813
2238,0.029213071
2239,0.219112569
2240,0.160919005
2241,0.075000686
2242,0.141063841
2243,0.060338977
2244,0.035110178
2245,0.002415175
2246,0.002022777
2247,0.105107338
2248,0.212135321
2249,0.012690758
2250,0.072807718
2251,0.022884434
2252,0.213112926
2253,0.307762925
2254,0.005249382
2255,0.328565273
2256,0.117144257
2257,0.051836999
2258,0.135174636
2259,0.006387462
2260,0.150799904
2261,0.023743641
2262,0.032859044
2263,0.001872991
2264,0.024149215
2265,0.072214819
2266,0.137064646
2267,0.054508119
2268,0.031974134
2269,0.041866744
2270,0.185883005
2271,0.004861197
2272,0.048969733
2273,0.01548678
2274,0.159937073
2275,0.000118144
2276,0.129408617
2277,0.031476633
2278,0.012382217
2279,0.079460568
2280,0.068094849
2281,0.074415604
2282,0.069950058
2283,0.043509312
2284,0.022611346
2285,0.257129713
2286,0.145069248
2287,0.046060651
2288,0.177597364
2289,0.092670016
2290,0.064501524
2291,0.137474052
2292,0.026958966
2293,0.002822975
2294,0.228181407
2295,0.12286404
2296,0.028120886
2297,0.0920236
2298,0.029362771
2299,0.108546111
2300,0.066289901
2301,0.006132583
2302,0.291007932
2303,0.055780437
2304,0.172726945
2305,0.198929988
2306,0.069200738
2307,0.116088723
2308,0.004348913
2309,0.001782449
2310,0.009145128
2311,0.055436688
2312,0.28874793
2313,0.034004396
2314,0.100119474
2315,0.205038764
2316,0.005440951
2317,0.036613425
2318,0.244335581
2319,0.217295977
2320,0.006427001
2321,0.013147343
2322,0.10130035
2323,0.0641447
2324,0.074684472
2325,0.133191311
2326,0.154613624
2327,0.273224736
2328,0.115193159
2329,0.023434937
2330,0.233081308
2331,0.117213001
2332,0.052350676
2333,0.017495509
2334,0.052313135
2335,0.050168162
2336,0.116432292
2337,0.230729251
2338,0.303260365
2339,0.501119248
2340,0.087754636
2341,0.130652582
2342,0.060033158
2343,0.010588563
2344,0.249971861
2345,0.051195198
2346,0.170382975
2347,0.018194097
2348,0.164753419
2349,0.070303983
2350,0.111076737
2351,0.097270847
2352,0.097610936
2353,0.029377095
2354,0.031540617
2355,0.128009934
2356,0.057074642
2357,0.200633601
2358,0.210835567
2359,0.096532435
2360,0.332879727
2361,0.11489787
2362,0.022171229
2363,0.046777062
2364,0.222120124
2365,0.012791436
2366,0.029011919
2367,0.067235061
2368,0.352923214
2369,0.081037125
2370,0.044414561
2371,0.057746458
2372,0.155658861
2373,0.250444918
2374,0.012593747
2375,0.101506369
2376,0.174953924
2377,0.028736902
2378,0.02173122
2379,0.069718873
2380,0.044062118
2381,0.039634187
2382,0.008066383
2383,0.236247946
2384,0.02369041
2385,0.058232335
2386,0.078543557
2387,0.095477481
2388,0.160803075
2389,0.00216624
2390,0.018988661
2391,0.114162748
2392,0.091292885
2393,0.008446992
2394,0.043137797
2395,0.601882677
2396,0.253600588
2397,0.023621654
2398,0.321954958
2399,0.01985333
2400,0.210304319
2401,0.00221911
2402,0.060612343
2403,0.03164926
2404,0.13224798
2405,0.091601427
2406,0.021448267
2407,0.412702116
2408,0.236038176
2409,0.29364215
2410,0.043711392
2411,0.042766702
2412,0.136484001
2413,0.260186462
2414,0.106927793
2415,0.175480733
2416,0.003560054
2417,0.047902987
2418,0.071112344
2419,0.045898762
2420,0.030067131
2421,0.190769594
2422,0.373875621
2423,0.017559038
2424,0.126713366
2425,0.203222143
2426,0.070852223
2427,0.028875597
2428,0.18630686
2429,0.050489164
2430,0.083633077
2431,0.034148675
2432,0.251225849
2433,0.047508193
2434,0.080656372
2435,0.00771841
2436,0.000401466
2437,0.067832489
2438,0.209371836
2439,0.026219234
2440,0.056668428
2441,0.052854001
2442,0.089123138
2443,0.137614395
2444,0.278332079
2445,0.024623009
2446,0.045418572
2447,0.048808758
2448,0.036540198
2449,0.087997716
2450,0.111114997
2451,0.107194842
2452,0.430765159
2453,0.038754001
2454,0.018389295
2455,0.055945051
2456,0.04028482
2457,0.084110465
2458,0.017752023
2459,0.058529594
2460,0.177282519
2461,0.1346015
2462,0.131393915
2463,0.499149361
2464,0.04891616
2465,0.143245891
2466,0.106501439
2467,0.074467515
2468,0.047966351
2469,0.064049644
2470,0.139593476
2471,0.10719177
2472,0.012992126
2473,0.186251864
2474,0.046287679
2475,0.408046281
2476,0.261000733
2477,0.06518547
2478,0.390630233
2479,0.065080284
2480,0.144957259
2481,0.205313424
2482,0.094528791
2483,0.049591696
2484,0.054813315
2485,0.058345772
2486,0.007419607
2487,0.013828211
2488,0.144622498
2489,0.029338114
2490,0.559081811
2491,0.04783975
2492,0.046968529
2493,0.020064542
2494,0.00657241
2495,0.438313915
2496,0.126212025
2497,0.238665295
2498,0.080226082
2499,0.038238141
2500,0.011675838
2501,0.034151828
2502,0.007107879
2503,0.017485174
2504,0.004298081
2505,0.205048988
2506,0.056700044
2507,0.106977473
2508,0.108901287
2509,0.063545921
2510,0.10324544
2511,0.155624825
2512,0.039982429
2513,0.16041838
2514,0.097477316
2515,0.123979646
2516,0.041874051
2517,0.080714069
2518,0.161711853
2519,0.024126462
2520,0.100992359
2521,0.039127596
2522,0.089221724
2523,0.009253921
2524,0.40686747
2525,0.043842837
2526,0.072756244
2527,0.088321213
2528,0.108209143
2529,0.034131201
2530,0.417575976
2531,0.153420594
2532,0.041867211
2533,0.074596368
2534,0.0532685
2535,0.026093422
2536,0.07017418
2537,0.21004665
2538,0.04377854
2539,0.131175546
2540,0.117750279
2541,0.0532391
2542,0.069625184
2543,0.081606973
2544,0.023454222
2545,0.083717609
2546,0.146720844
2547,0.070289179
2548,0.039242305
2549,0.084212854
2550,0.08692608
2551,0.08365444
2552,0.027205773
2553,0.162109232
2554,0.086042098
2555,0.186379378
2556,0.100185956
2557,0.095424363
2558,0.075858886
2559,0.487781139
2560,0.134930266
2561,0.047916716
2562,0.338096825
2563,0.012170844
2564,0.016102173
2565,0.055906146
2566,0.051609435
2567,0.080523618
2568,0.095738588
2569,0.094739215
2570,0.117537226
2571,0.142909598
2572,0.118792714
2573,0.280231377
2574,0.06339913
2575,0.070729087
2576,0.070570957
2577,0.018781278
2578,0.118004096
2579,0.203961067
2580,0.145026817
2581,0.075841977
2582,0.002208567
2583,0.095410668
2584,0.068719173
2585,0.079452788
2586,0.169051163
2587,0.072764052
2588,0.040363101
2589,0.202656193
2590,0.038995872
2591,0.157319656
2592,0.137144478
2593,0.128641921
2594,0.089280414
2595,0.184359431
2596,0.196820723
2597,0.051496984
2598,0.014112935
2599,0.021549249
2600,0.201173058
2601,0.076239911
2602,0.012631443
2603,0.090803155
2604,0.025422465
2605,0.421112362
2606,0.103220123
2607,0.269739473
2608,0.06581846
2609,0.137316833
2610,0.014258501
2611,0.05810765
2612,0.044353819
2613,0.009983886
2614,0.01049645
2615,0.045748607
2616,0.06520423
2617,0.332387194
2618,0.078342031
2619,0.065254924
2620,0.046137311
2621,0.238001964
2622,0.070213898
2623,0.193029259
2624,0.146195468
2625,0.006231039
2626,0.099452058
2627,0.232424642
2628,0.130815334
2629,0.033641237
2630,0.147739123
2631,0.10347061
2632,0.000680579
2633,0.261697786
2634,0.054266045
2635,0.041159631
2636,0.063002715
2637,0.04601596
2638,0.085704028
2639,0.019854635
2640,0.006502407
2641,0.008176917
2642,0.015176301
2643,0.168915802
2644,0.066030622
2645,0.163919602
2646,0.047730067
2647,0.095179251
2648,0.107846308
2649,0.006953852
2650,0.002855307
2651,0.031502731
2652,0.024423251
2653,0.277006044
2654,0.145549149
2655,0.482169787
2656,0.169762243
2657,0.192607642
2658,0.130014908
2659,0.068511473
2660,0.06782644
2661,0.183385554
2662,0.115949929
2663,0.242901675
2664,0.06841473
2665,0.399364295
2666,0.212296278
2667,0.020137059
2668,0.159689364
2669,0.228539571
2670,0.045124529
2671,0.818043972
2672,0.157416757
2673,0.097500041
2674,0.052697203
2675,0.037369484
2676,0.063683018
2677,0.132602509
2678,0.017512792
2679,0.232610341
2680,0.061718147
2681,0.042880381
2682,0.083836539
2683,0.071738826
2684,0.268735434
2685,0.088911302
2686,0.337658765
2687,0.002038062
2688,0.395454661
2689,0.040942533
2690,0.100314217
2691,0.291893291
2692,0.168723583
2693,0.015745905
2694,0.331349919
2695,0.020838302
2696,0.141507334
2697,0.137798868
2698,0.320678593
2699,0.19358904
2700,0.017823137
2701,0.001180199
2702,0.216907802
2703,0.042351157
2704,0.023292614
2705,0.14965451
2706,0.1147467
2707,0.047301641
2708,0.08047623
2709,0.202103794
2710,0.109726959
2711,0.247556133
2712,0.126026367
2713,0.006446007
2714,0.041151256
2715,0.588672703
2716,0.007667977
2717,0.001329992
2718,0.040611283
2719,0.031322911
2720,0.13845026
2721,0.07756874
2722,0.012743984
2723,0.294424342
2724,0.11111132
2725,0.130800804
2726,0.047144623
2727,0.038547664
2728,0.541286586
2729,0.039987644
2730,0.024814523
2731,0.035873559
2732,0.008878751
2733,0.724529397
2734,0.160919985
2735,0.162907666
2736,0.093759785
2737,0.025764781
2738,0.167227938
2739,0.04243689
2740,0.16723841
2741,0.022853689
2742,0.086769116
2743,0.495469695
2744,0.026526578
2745,0.029547569
2746,0.117485579
2747,0.345440469
2748,0.029051008
2749,0.012112965
2750,0.191474609
2751,0.010021927
2752,0.000288509
2753,0.108905739
2754,0.112447386
2755,0.079182227
2756,0.169847241
2757,0.31370782
2758,0.252436542
2759,0.142630769
2760,0.126125557
2761,0.194057484
2762,0.091450283
2763,0.145108295
2764,0.034951519
2765,0.144800684
2766,0.1522699
2767,0.039540087
2768,0.007666004
2769,0.067227558
2770,0.254930154
2771,0.384278431
2772,0.247386072
2773,0.013405108
2774,0.383305957
2775,0.149255432
2776,0.050381756
2777,0.044813133
2778,0.077646126
2779,0.057972951
2780,0.092270889
2781,0.03563422
2782,0.072904392
2783,0.018372827
2784,0.01502019
2785,0.078904769
2786,0.014820485
2787,0.390901632
2788,0.057138548
2789,0.002858206
2790,0.028607011
2791,0.102703073
2792,0.091120149
2793,0.141342521
2794,0.04664917
2795,0.015382895
2796,0.08650985
2797,0.033996371
2798,0.120456716
2799,0.094234906
2800,0.048987864
2801,0.038712395
2802,0.10059211
2803,0.01068282
2804,0.060724063
2805,0.010320722
2806,0.015238009
2807,0.456970004
2808,0.001424149
2809,0.046906283
2810,0.124659787
2811,0.109537853
2812,0.006962819
2813,0.413587093
2814,0.088999883
2815,0.008067625
2816,0.009142536
2817,0.027160184
2818,0.009406007
2819,0.02269317
2820,0.15066284
2821,0.021941501
2822,0.008617334
2823,0.021490438
2824,0.423226176
2825,0.137522582
2826,0.013647718
2827,0.034788068
2828,0.041560965
2829,0.042518078
2830,0.129101063
2831,0.014047891
2832,0.010526477
2833,0.037553129
2834,0.109997725
2835,0.062466776
2836,0.143581327
2837,0.060086014
2838,0.410560231
2839,0.276241377
2840,0.120468356
2841,0.008002495
2842,0.001603164
2843,0.049595846
2844,0.068697625
2845,0.027124034
2846,0.081352028
2847,0.166460772
2848,0.070681619
2849,0.096889646
2850,0.029393341
2851,0.045435431
2852,0.023366278
2853,0.049819639
2854,0.00563498
2855,0.244213756
2856,0.021804929
2857,0.015370231
2858,0.02582053
2859,0.21897808
2860,0.098958376
2861,0.121759922
2862,0.087170209
2863,0.053415366
2864,0.211918895
2865,0.223217491
2866,0.109943683
2867,0.265655361
2868,0.01474268
2869,0.057912068
2870,0.153892384
2871,0.016653379
2872,0.201423685
2873,0.149888007
2874,0.036527011
2875,0.006345258
2876,0.198794006
2877,0.011864678
2878,0.043200794
2879,0.202034049
2880,0.004206659
2881,0.114283745
2882,0.164894479
2883,0.062306533
2884,0.021674567
2885,0.009670267
2886,0.372884046
2887,0.008164083
2888,0.02832763
2889,0.092756992
2890,0.12678211
2891,0.15933754
2892,0.114798618
2893,0.024749584
2894,0.05055084
2895,0.049450634
2896,0.090973715
2897,0.003510057
2898,0.060358477
2899,0.174123605
2900,0.145675003
2901,0.068564146
2902,0.089650379
2903,0.046697493
2904,0.050528051
2905,0.184283843
2906,0.109640656
2907,0.582343742
2908,0.00500972
2909,0.45795759
2910,0.107082276
2911,0.024791156
2912,0.163073601
2913,0.107557325
2914,0.007603898
2915,0.330095893
2916,0.015820561
2917,0.212646862
2918,0.073383528
2919,0.153867874
2920,0.236942131
2921,0.181222229
2922,0.169760631
2923,0.116955863
2924,0.051591927
2925,0.161293419
2926,0.031594632
2927,0.077620408
2928,0.031700032
2929,0.045183552
2930,0.078628031
2931,0.070563984
2932,0.027307449
2933,0.162333248
2934,0.06801912
2935,0.042840715
2936,0.021399526
2937,0.568912306
2938,0.04645131
2939,0.004433159
2940,0.03591018
2941,0.050676362
2942,0.161709233
2943,0.023028515
2944,0.022203669
2945,0.254901815
2946,0.037715365
2947,0.048712485
2948,0.09868586
2949,0.156336132
2950,0.220837623
2951,0.140894082
2952,0.074221046
2953,0.108929629
2954,0.038256667
2955,0.221319817
2956,0.19553929
2957,0.065896584
2958,0.016585437
2959,0.110056656
2960,0.073094088
2961,0.032322936
2962,0.1695553
2963,0.058071759
2964,0.152537776
2965,0.075125884
2966,0.374966288
2967,0.13302868
2968,0.253003225
2969,0.14674703
2970,0.018157826
2971,0.551156866
2972,0.177281639
2973,0.066037018
2974,0.143413083
2975,0.103918106
2976,0.096307906
2977,0.125594516
2978,0.104299353
2979,0.077912213
2980,0.005626525
2981,0.125344471
2982,0.133611637
2983,0.021059605
2984,0.024928184
2985,0.156294303
2986,0.11460375
2987,0.078565327
2988,0.117021524
2989,0.075623026
2990,0.00483752
2991,0.103806112
2992,0.124238424
2993,0.294585625
2994,0.198723568
2995,0.013931693
2996,0.210734761
2997,0.050445231
2998,0.39152723
2999,0.052219332
3000,0.184288077
3001,0.116629602
3002,0.12246804
3003,0.098785814
3004,0.060140196
3005,0.318048572
3006,0.189529642
3007,0.393438043
3008,0.135209102
3009,0.024048773
3010,0.132716673
3011,0.00232441
3012,0.156408706
3013,0.17265971
3014,0.145396474
3015,0.145208977
3016,0.031919803
3017,0.040455099
3018,0.027928884
3019,0.06639077
3020,0.216316459
3021,0.013941886
3022,0.036526457
3023,0.147968452
3024,0.021277236
3025,0.730839886
3026,0.069900218
3027,0.016747868
3028,0.018684897
3029,0.21415433
3030,0.040767228
3031,0.110086219
3032,0.036467711
3033,0.170962902
3034,0.277969131
3035,0.003612653
3036,0.130032073
3037,0.069530095
3038,0.151501362
3039,0.008959794
3040,0.059492453
3041,0.270081633
3042,0.000255602
3043,0.012360971
3044,0.025715989
3045,0.058300654
3046,0.016028173
3047,0.016877316
3048,0.084475153
3049,0.042688515
3050,0.084036193
3051,0.022747691
3052,0.059229373
3053,0.100524028
3054,0.180811844
3055,0.084641715
3056,0.04793808
3057,0.511653929
3058,0.065146346
3059,0.026533336
3060,0.069925468
3061,0.036233349
3062,0.520394235
3063,0.10986893
3064,0.085214614
3065,0.05815109
3066,0.099278191
3067,0.118938959
3068,0.010776487
3069,0.092424663
3070,0.021782668
3071,0.212389484
3072,0.239814814
3073,0.284956987
3074,0.180425262
3075,0.329437261
3076,0.051794709
3077,0.005501635
3078,0.046642339
3079,0.085569045
3080,0.032202266
3081,0.013294928
3082,0.00883325
3083,0.301065942
3084,0.171347331
3085,0.026321598
3086,0.020105671
3087,0.011389935
3088,0.065923573
3089,0.005526413
3090,0.120155149
3091,0.184368011
3092,0.089621671
3093,0.108793576
3094,0.024164243
3095,0.13342752
3096,0.332079262
3097,0.071345026
3098,0.036265067
3099,0.022229552
3100,0.033192757
3101,0.124654603
3102,0.039481008
3103,0.070484834
3104,0.051871259
3105,0.063976576
3106,0.054902937
3107,0.020606102
3108,0.012771536
3109,0.209046687
3110,0.135440155
3111,0.030619196
3112,0.009191292
3113,0.087527552
3114,0.022862529
3115,0.057363673
3116,0.115875934
3117,0.031418312
3118,0.030913394
3119,0.111039303
3120,0.099665943
3121,0.318617721
3122,0.078481284
3123,0.148977718
3124,0.0253637
3125,0.028085755
3126,0.543203432
3127,0.122851817
3128,0.120877357
3129,0.251107978
3130,0.003824763
3131,0.012785578
3132,0.061551767
3133,0.108955448
3134,0.043580884
3135,0.015177032
3136,0.045558489
3137,0.346073288
3138,0.082674991
3139,0.09224282
3140,0.21004593
3141,0.00623875
3142,0.111728371
3143,0.166659613
3144,0.068419496
3145,0.025981494
3146,0.138344451
3147,0.051572185
3148,0.176732949
3149,0.248820844
3150,0.326563829
3151,0.295605857
3152,0.036284046
3153,0.069418072
3154,0.046020216
3155,0.05525508
3156,0.018939346
3157,0.124184404
3158,0.198490655
3159,0.028397412
3160,0.124660368
3161,0.20045829
3162,0.349002605
3163,0.226189965
3164,0.117964923
3165,0.103566366
3166,0.090561203
3167,0.017088029
3168,0.168618515
3169,0.478768165
3170,0.080104313
3171,0.064849424
3172,0.274297256
3173,0.053276321
3174,0.228637283
3175,0.133886238
3176,0.107938235
3177,0.059965079
3178,0.071852444
3179,0.015654838
3180,0.0518354
3181,0.201267272
3182,0.127405341
3183,0.08927912
3184,0.017735499
3185,0.114028673
3186,0.00634964
3187,0.033001852
3188,0.058389687
3189,0.077767169
3190,0.072533597
3191,0.009047612
3192,0.028201505
3193,0.114758313
3194,0.060744895
3195,0.093221494
3196,0.030661025
3197,0.110308493
3198,0.047451578
3199,0.041607946
3200,0.317446108
3201,0.124295688
3202,0.334378103
3203,0.010960665
3204,0.030367302
3205,0.020973595
3206,0.021295644
3207,0.034669377
3208,0.235525675
3209,0.541711551
3210,0.365479584
3211,0.085138789
3212,0.112513506
3213,0.269923228
3214,0.14980985
3215,0.086294192
3216,0.069051622
3217,0.025716258
3218,0.026452139
3219,0.044389438
3220,0.03121275
3221,0.010799959
3222,0.093974763
3223,0.102622271
3224,0.014968834
3225,0.036304092
3226,0.136538492
3227,0.010325693
3228,0.105580688
3229,0.074651071
3230,0.060090369
3231,0.177271251
3232,0.159712742
3233,0.027104975
3234,0.020715718
3235,0.046615964
3236,0.12572884
3237,0.049045366
3238,0.01280203
3239,0.147862677
3240,0.214520421
3241,0.195177092
3242,0.01891282
3243,0.244145982
3244,0.000360606
3245,0.026668428
3246,0.074832351
3247,0.332498944
3248,0.08283806
3249,0.065945501
3250,0.122432083
3251,0.286190581
3252,0.261458063
3253,0.036592198
3254,0.039188002
3255,0.007681463
3256,0.02388297
3257,0.005110164
3258,0.240800153
3259,0.090996901
3260,0.354219503
3261,0.216598416
3262,0.068092856
3263,0.0257516
3264,0.179042082
3265,0.198235682
3266,0.08450671
3267,0.204024004
3268,0.088780094
3269,0.05513506
3270,0.026082516
3271,0.041839884
3272,0.014655983
3273,0.060656601
3274,0.162412863
3275,0.068412785
3276,0.347562186
3277,0.185196426
3278,0.14893547
3279,0.028584843
3280,0.11750032
3281,0.003633068
3282,0.115739956
3283,0.023704912
3284,0.106991323
3285,0.177117672
3286,0.002254347
3287,0.003340992
3288,0.073799477
3289,0.191333404
3290,0.223106987
3291,0.015316415
3292,0.016516514
3293,0.2079373
3294,0.180534702
3295,0.001804569
3296,0.039060107
3297,0.011969378
3298,0.113011769
3299,0.269923455
3300,0.126971004
3301,0.003920282
3302,0.048654172
3303,0.122324906
3304,0.1035102
3305,0.121768212
3306,0.414725707
3307,0.044558453
3308,0.012501355
3309,0.05303545
3310,0.031568112
3311,0.354544857
3312,0.125055408
3313,0.070086583
3314,0.0816518
3315,0.043661833
3316,0.108178177
3317,0.129150482
3318,0.226511232
3319,0.059601333
3320,0.15220516
3321,0.104259731
3322,0.109746829
3323,0.045962917
3324,0.350220137
3325,0.201089609
3326,0.030994824
3327,0.032528516
3328,0.009702219
3329,0.024349212
3330,0.216991762
3331,0.096238716
3332,0.00521005
3333,0.021594202
3334,0.356950743
3335,0.001306219
3336,0.09645613
3337,0.02844236
3338,0.100444651
3339,0.076671601
3340,0.024982425
3341,0.004710515
3342,0.098525369
3343,0.018925326
3344,0.135444396
3345,0.023443386
3346,0.176014656
3347,0.034010748
3348,0.008976579
3349,0.086797696
3350,0.08825978
3351,0.222255436
3352,0.15727356
3353,0.022843075
3354,0.032076148
3355,0.15449876
3356,0.017210529
3357,0.218991004
3358,0.113032762
3359,0.140316567
3360,0.289811952
3361,0.069955559
3362,0.032801961
3363,0.035812034
3364,0.059841646
3365,0.085086218
3366,0.115072807
3367,0.032444731
3368,0.054349402
3369,0.015553958
3370,0.035296036
3371,0.410451002
3372,0.043675644
3373,0.015993129
3374,0.108360056
3375,0.080658732
3376,0.032575391
3377,0.036981397
3378,0.060517569
3379,0.028563432
3380,0.036204581
3381,0.025204108
3382,0.086089162
3383,0.137299722
3384,0.159592873
3385,0.01112044
3386,0.078493701
3387,0.080179503
3388,0.138326729
3389,0.156285134
3390,0.035779092
3391,0.088137219
3392,0.174950599
3393,0.270211181
3394,0.091581665
3395,0.051548961
3396,0.012505002
3397,0.110668704
3398,0.321095217
3399,0.233897163
3400,0.035336741
3401,0.035232769
3402,0.176618676
3403,0.06003685
3404,0.203443379
3405,0.058550531
3406,0.078578248
3407,0.029753699
3408,0.028323387
3409,0.098301467
3410,0.024730988
3411,0.006120053
3412,0.056858987
3413,0.010897751
3414,0.081193326
3415,0.181579253
3416,0.024373558
3417,0.108991717
3418,0.270715941
3419,0.156026296
3420,0.068346436
3421,0.261006843
3422,0.069882069
3423,0.012558184
3424,0.468494752
3425,0.141266067
3426,0.002478312
3427,0.283714775
3428,0.021093885
3429,0.025126822
3430,0.004349689
3431,0.038522171
3432,0.045123347
3433,0.23671375
3434,0.203098078
3435,0.026091549
3436,0.008265328
3437,0.180006281
3438,0.048777525
3439,0.049288203
3440,0.122731345
3441,0.014706547
3442,0.0953986
3443,0.005178381
3444,0.337533023
3445,0.065470316
3446,0.045998158
3447,0.039124387
3448,0.058109556
3449,0.041260505
3450,0.443310872
3451,0.128318203
3452,0.05653779
3453,0.022553741
3454,0.149042182
3455,0.123152047
3456,0.348548365
3457,0.147770307
3458,0.011367154
3459,0.275625437
3460,0.194879689
3461,0.150435309
3462,0.296535215
3463,0.010215113
3464,0.071678383
3465,0.330584544
3466,0.073534379
3467,0.285979472
3468,0.068846835
3469,0.077963205
3470,0.165378905
3471,0.212577475
3472,0.10814073
3473,0.023982242
3474,0.054930688
3475,0.034345796
3476,0.045968372
3477,0.070020904
3478,0.156654437
3479,0.073881684
3480,0.111547046
3481,0.012931956
3482,0.047552525
3483,0.041413828
3484,0.279050619
3485,0.105270538
3486,0.181393016
3487,0.172743372
3488,0.092180586
3489,0.08576784
3490,0.105622227
3491,0.014852299
3492,0.420820907
3493,0.019039327
3494,0.055248059
3495,0.186953323
3496,0.014719586
3497,0.234871753
3498,0.054743214
3499,0.069462306
3500,0.301264177
3501,0.314867038
3502,0.039983294
3503,0.26312133
3504,0.523751549
3505,0.375282762
3506,0.167355489
3507,0.292734399
3508,0.165611029
3509,0.0310279
3510,0.007830675
3511,0.271681291
3512,0.010352603
3513,0.092553502
3514,0.040520593
3515,0.150321569
3516,0.182166671
3517,0.010626411
3518,0.059661754
3519,0.014376217
3520,0.075003134
3521,0.036838312
3522,0.458786627
3523,0.160210593
3524,0.033346175
3525,0.02655081
3526,0.088480545
3527,0.015359108
3528,0.343080177
3529,0.143332437
3530,0.296797421
3531,0.108687057
3532,0.120491712
3533,0.159747734
3534,0.048642996
3535,0.162501484
3536,0.066816577
3537,0.217377905
3538,0.27058627
3539,0.017151734
3540,0.054466626
3541,0.007824324
3542,0.036715648
3543,0.149442644
3544,0.094498641
3545,0.029955416
3546,0.210406629
3547,0.110440798
3548,0.099553866
3549,0.08264894
3550,0.037527178
3551,0.128545594
3552,0.00546666
3553,0.001842374
3554,0.115214521
3555,0.261184769
3556,0.191000925
3557,0.067800108
3558,0.077216964
3559,0.206800517
3560,0.021296363
3561,0.065218965
3562,0.086170743
3563,0.03140662
3564,0.021041592
3565,0.034483432
3566,0.089172957
3567,0.163102926
3568,0.183631936
3569,0.16578003
3570,0.281763269
3571,0.011568952
3572,0.034304663
3573,0.148453947
3574,0.006362569
3575,0.212144384
3576,0.074002103
3577,0.179611632
3578,0.072450377
3579,0.575836889
3580,0.070408233
3581,0.073843032
3582,0.021444669
3583,0.317196029
3584,0.204026103
3585,0.158357494
3586,0.071804846
3587,0.11495462
3588,0.064506791
3589,0.033864716
3590,0.058258358
3591,0.006420929
3592,0.084605657
3593,0.043319219
3594,0.231114661
3595,0.180414435
3596,0.038123472
3597,0.01992581
3598,0.047869995
3599,0.095180373
3600,0.033105996
3601,0.109095085
3602,0.070906054
3603,0.038674755
3604,0.004605399
3605,0.236608576
3606,0.07839296
3607,0.150800548
3608,0.072300844
3609,0.020965029
3610,0.133415296
3611,0.050194678
3612,0.150049589
3613,0.140583243
3614,0.099084153
3615,0.074347476
3616,0.019563883
3617,0.093765738
3618,0.235753252
3619,0.087830431
3620,0.030365281
3621,0.598557736
3622,0.412515518
3623,0.03086155
3624,0.022561729
3625,0.040099034
3626,0.085743948
3627,0.177477217
3628,0.049927369
3629,0.024296555
3630,0.188457474
3631,0.042926552
3632,0.111128959
3633,0.207705064
3634,0.021856688
3635,0.05246175
3636,0.017828215
3637,0.075304513
3638,0.165293495
3639,0.015041655
3640,0.035455742
3641,0.026276919
3642,0.053870825
3643,0.18257205
3644,0.113845361
3645,0.371920956
3646,0.011405318
3647,0.014810359
3648,0.009991148
3649,0.014507539
3650,0.002701785
3651,0.143659434
3652,0.004799432
3653,0.00314324
3654,0.371833434
3655,0.005743856
3656,0.038857905
3657,2.25E-06
3658,0.013560031
3659,0.289124907
3660,0.262622283
3661,0.160163297
3662,0.354765528
3663,0.188077377
3664,0.144138857
3665,0.012979177
3666,0.392015681
3667,0.118843426
3668,0.145532449
3669,0.167412672
3670,0.091892151
3671,0.059143299
3672,0.040540572
3673,0.123630265
3674,0.125477039
3675,0.068992754
3676,0.237483547
3677,0.071835957
3678,0.297068524
3679,0.271047459
3680,0.000971429
3681,0.067964392
3682,0.041890532
3683,0.005314512
3684,0.473462604
3685,0.099580922
3686,0.055531148
3687,0.18932058
3688,0.329166544
3689,0.064576873
3690,0.020055071
3691,0.075464517
3692,0.059367777
3693,0.066263383
3694,0.031616277
3695,0.327119051
3696,0.082304413
3697,0.018271277
3698,0.061434373
3699,0.096899675
3700,0.086187682
3701,0.023613681
3702,0.028198603
3703,0.006485935
3704,0.009973625
3705,0.163514118
3706,0.343616599
3707,0.134867724
3708,0.086668205
3709,0.013245474
3710,0.033530806
3711,0.05751875
3712,0.000738364
3713,0.138750963
3714,0.182617626
3715,0.030569865
3716,0.026525265
3717,0.170472478
3718,0.098769927
3719,0.032724911
3720,0.011223249
3721,0.358902808
3722,0.162997023
3723,0.050943022
3724,0.032209039
3725,0.122875871
3726,0.031850646
3727,0.049933769
3728,0.133500409
3729,0.013165186
3730,0.235928769
3731,0.054216022
3732,0.033685473
3733,0.00946524
3734,0.07526924
3735,0.044684407
3736,0.112819622
3737,0.204031572
3738,0.467741157
3739,0.177973588
3740,0.0664401
3741,0.092971731
3742,0.191630014
3743,0.580716741
3744,0.009631433
3745,0.154182542
3746,0.536977177
3747,0.068616514
3748,0.076683334
3749,0.12640106
3750,0.031899093
3751,0.11834744
3752,0.108278931
3753,0.000594968
3754,0.047549478
3755,0.209404462
3756,0.018601251
3757,0.046481328
3758,0.188089165
3759,0.032612162
3760,0.241092614
3761,0.023400342
3762,0.065619977
3763,0.16510377
3764,0.07301889
3765,0.202247895
3766,0.130460516
3767,0.351136562
3768,0.121050941
3769,0.037778356
3770,0.024409133
3771,0.074658808
3772,0.043082738
3773,0.130574802
3774,0.28759334
3775,0.161641659
3776,0.107422214
3777,0.00182723
3778,0.021578615
3779,0.486688957
3780,0.126706516
3781,0.161180483
3782,0.080805007
3783,0.186159481
3784,0.011632464
3785,0.039425637
3786,0.10518301
3787,0.381007935
3788,0.218131993
3789,0.071704848
3790,0.499231788
3791,0.047527873
3792,0.026072148
3793,0.056859625
3794,0.023983737
3795,0.071861778
3796,0.126600631
3797,0.258134175
3798,0.027111496
3799,0.008225498
3800,0.063606257
3801,0.301252833
3802,0.239628114
3803,0.00970434
3804,0.044258723
3805,0.268696156
3806,0.405753327
3807,0.114431636
3808,0.0647355
3809,0.004522717
3810,0.218558807
3811,0.091843466
3812,0.006887957
3813,0.035105676
3814,0.131890407
3815,0.017885956
3816,0.087909663
3817,0.050632356
3818,0.18673448
3819,0.062083513
3820,0.102703813
3821,0.061386797
3822,0.203119822
3823,0.050887829
3824,0.050760005
3825,0.211793279
3826,0.022294621
3827,0.104797477
3828,0.132230147
3829,0.130367147
3830,0.037483755
3831,0.030410849
3832,0.145930005
3833,0.059308137
3834,0.017733479
3835,0.001830662
3836,0.111548826
3837,0.229334671
3838,0.115942902
3839,0.05776698
3840,0.397384816
3841,0.241874245
3842,0.111717439
3843,0.169849701
3844,0.256298915
3845,0.01053354
3846,0.095184358
3847,0.266075222
3848,0.281188212
3849,0.024974489
3850,0.004890237
3851,0.327944946
3852,0.206964782
3853,0.821804521
3854,0.05221262
3855,0.017154335
3856,0.673500788
3857,0.00084837
3858,0.005247839
3859,0.041533294
3860,0.027019557
3861,0.081841783
3862,0.01770487
3863,0.040678893
3864,0.2121213
3865,0.020823722
3866,0.05762484
3867,0.101350865
3868,0.085973944
3869,0.166863256
3870,0.121533709
3871,0.115293844
3872,0.116399299
3873,0.00814957
3874,0.16749703
3875,0.01224363
3876,0.116249812
3877,0.008638306
3878,0.086971577
3879,0.104111525
3880,0.100164423
3881,0.228820061
3882,0.063636816
3883,0.060713784
3884,0.045403292
3885,0.174494862
3886,0.16116357
3887,0.077194692
3888,0.083834722
3889,0.096753011
3890,0.059783947
3891,0.012044129
3892,0.213096273
3893,0.093588321
3894,0.272303756
3895,0.150406859
3896,0.133876894
3897,0.011030872
3898,0.089314318
3899,0.133466402
3900,0.092544055
3901,0.097515867
3902,0.006746783
3903,0.020743098
3904,0.013159423
3905,0.056666726
3906,0.010079233
3907,0.356650385
3908,0.215550876
3909,0.065236834
3910,0.026126554
3911,0.124052237
3912,0.082585069
3913,0.274873675
3914,0.325125531
3915,0.045278144
3916,0.003410611
3917,0.24276897
3918,0.042057171
3919,0.18137438
3920,0.083179932
3921,0.172561055
3922,0.046349873
3923,0.162730495
3924,0.222017169
3925,0.130539539
3926,0.023884996
3927,0.084681829
3928,0.160921698
3929,0.569036349
3930,0.057438191
3931,0.03624087
3932,0.067045393
3933,0.080380327
3934,0.08330854
3935,0.088915903
3936,0.050343485
3937,0.061380022
3938,0.053609847
3939,0.159182201
3940,0.028765488
3941,0.077403601
3942,0.114350326
3943,0.172896584
3944,0.12741965
3945,0.034532774
3946,0.004059821
3947,0.115296225
3948,0.064388165
3949,0.098981937
3950,0.037895011
3951,0.074293225
3952,0.297812147
3953,0.013590276
3954,0.244943545
3955,0.205755275
3956,0.107445731
3957,0.094246817
3958,0.219174289
3959,0.149116396
3960,0.187760394
3961,0.125240103
3962,0.25231024
3963,0.104947257
3964,0.072328141
3965,0.035356976
3966,0.096978
3967,0.033637576
3968,0.056190018
3969,0.367758114
3970,0.130790506
3971,0.028071945
3972,0.097623265
3973,0.191227794
3974,0.821101183
3975,0.087323397
3976,0.080193328
3977,0.045029667
3978,0.021718554
3979,0.082058579
3980,0.139775559
3981,0.059811161
3982,0.017024722
3983,0.142920897
3984,0.039570988
3985,0.071373476
3986,0.249886907
3987,0.002823002
3988,0.054803881
3989,0.121250768
3990,0.324821127
3991,0.054467871
3992,0.12460675
3993,0.063171206
3994,0.03195378
3995,0.052443604
3996,0.117345345
3997,0.016711372
3998,0.082523195
3999,0.008240978
4000,0.01377577
4001,0.12617165
4002,0.01853496
4003,0.097457364
4004,0.079391431
4005,0.208578784
4006,0.176858842
4007,0.009761372
4008,0.045758385
4009,0.211889244
4010,0.135152076
4011,0.458984349
4012,0.084626817
4013,0.320670949
4014,0.145624439
4015,0.105761153
4016,0.092483613
4017,0.133460933
4018,0.120860434
4019,0.154562849
4020,0.01319217
4021,0.112067347
4022,0.099798506
4023,0.058900386
4024,0.011158147
4025,0.175436446
4026,0.218428633
4027,0.063009752
4028,0.012004519
4029,0.048350812
4030,0.031125506
4031,0.018285525
4032,0.034553612
4033,0.119938989
4034,0.164399286
4035,0.038733772
4036,0.075822461
4037,0.059278643
4038,0.035357387
4039,0.068402798
4040,0.030821573
4041,0.041894752
4042,0.007984556
4043,0.014447581
4044,0.022156287
4045,0.002440298
4046,0.000738022
4047,0.197405548
4048,0.372299741
4049,0.104010718
4050,0.034276233
4051,0.012027181
4052,0.123545497
4053,0.047818839
4054,0.22187313
4055,0.040109765
4056,0.105865272
4057,0.201892959
4058,0.001765247
4059,0.030899868
4060,0.148023229
4061,0.392842644
4062,0.021185593
4063,0.062685169
4064,0.028960464
4065,0.00264026
4066,0.057671865
4067,0.054265924
4068,0.018124954
4069,0.053838018
4070,0.028635847
4071,0.120660835
4072,0.030589274
4073,0.003196979
4074,0.038138158
4075,0.173305283
4076,0.380164705
4077,0.065671807
4078,0.174401127
4079,0.158590635
4080,0.351864376
4081,0.133512539
4082,0.000643134
4083,0.110555651
4084,0.019843339
4085,0.102473781
4086,0.010054838
4087,0.117793956
4088,0.005585156
4089,0.04075393
4090,0.046551861
4091,0.099582449
4092,0.020223099
4093,0.082938104
4094,0.272272956
4095,0.146588995
4096,0.138602241
4097,0.071136428
4098,0.265522733
4099,0.067753494
4100,0.124972668
4101,0.011556389
4102,0.09676326
4103,0.114768665
4104,0.056763416
4105,0.006648505
4106,0.035604225
4107,0.312741604
4108,0.264594846
4109,0.027410653
4110,0.141416326
4111,0.132409571
4112,0.10874222
4113,0.043920555
4114,0.041634766
4115,0.089394015
4116,0.063902415
4117,0.137502725
4118,0.025657422
4119,0.541662499
4120,0.048425099
4121,0.040583741
4122,0.099231944
4123,0.043621531
4124,0.025023824
4125,0.095514722
4126,0.003241592
4127,0.089635782
4128,0.168328839
4129,0.012930299
4130,0.035392977
4131,0.352413017
4132,0.382412269
4133,0.099133716
4134,0.004661926
4135,0.090493385
4136,0.021957853
4137,0.007118088
4138,0.019210701
4139,0.094749942
4140,0.102786833
4141,0.093511908
4142,0.00525121
4143,0.091377451
4144,0.425887517
4145,0.470864796
4146,0.054889135
4147,0.409234458
4148,0.081673074
4149,0.036687206
4150,0.008528427
4151,0.120896012
4152,0.115935077
4153,0.018650711
4154,0.015771091
4155,0.011806865
4156,0.238236965
4157,0.071240176
4158,0.284450417
4159,0.070051659
4160,0.457908479
4161,0.1015459
4162,0.27621806
4163,0.043967508
4164,0.00509439
4165,0.023174528
4166,0.315096786
4167,0.068860834
4168,0.034839796
4169,0.133619349
4170,0.083083441
4171,0.016799577
4172,0.025454703
4173,0.039796093
4174,0.203708517
4175,0.010779451
4176,0.082648628
4177,0.081588621
4178,0.044945488
4179,0.041496778
4180,0.146662737
4181,0.009031323
4182,0.001572379
4183,0.009262231
4184,0.041411946
4185,0.045742709
4186,0.136711602
4187,0.099101687
4188,0.044251715
4189,0.202843057
4190,0.054816032
4191,0.154411133
4192,0.100254649
4193,0.014576761
4194,0.222730497
4195,0.003630444
4196,0.425987674
4197,0.162984254
4198,0.004828587
4199,0.024138987
4200,0.019931536
4201,0.032242044
4202,0.131626852
4203,0.192367659
4204,0.06102942
4205,0.079557119
4206,0.012541603
4207,0.057984065
4208,0.154913404
4209,0.090399023
4210,0.145850603
4211,0.035473096
4212,0.129691068
4213,0.064474709
4214,0.188456391
4215,0.125375093
4216,0.090344348
4217,0.074157189
4218,0.209186572
4219,0.131810624
4220,0.094087727
4221,0.0123784
4222,0.179968715
4223,0.192370153
4224,0.177709023
4225,0.043595661
4226,0.094911268
4227,0.223364499
4228,0.094374825
4229,0.010020972
4230,0.134814581
4231,0.048915774
4232,0.024285541
4233,0.0117694
4234,0.251183993
4235,0.00206774
4236,0.076603907
4237,0.038857656
4238,0.066736798
4239,0.21798798
4240,0.0521584
4241,0.067181217
4242,0.3962389
4243,0.106632431
4244,0.019977401
4245,0.104515769
4246,0.080994208
4247,0.073703543
4248,0.009177626
4249,0.063934403
4250,0.057635175
4251,0.005212234
4252,0.040180851
4253,0.034952603
4254,0.227640265
4255,0.087533916
4256,0.074929901
4257,0.117036789
4258,0.031406854
4259,0.25212741
4260,0.037283521
4261,0.073755277
4262,0.016455609
4263,0.09815593
4264,0.230470003
4265,0.002789971
4266,0.179438123
4267,0.157935303
4268,0.027518928
4269,0.022414276
4270,0.028793653
4271,0.266279091
4272,0.053108018
4273,0.030119072
4274,0.178250033
4275,0.079912372
4276,0.028473252
4277,0.161948094
4278,0.035262176
4279,0.057319723
4280,0.141032498
4281,0.048195145
4282,0.041847598
4283,0.253277388
4284,0.305499642
4285,0.028763166
4286,0.032931946
4287,0.07770562
4288,0.148521977
4289,0.022214177
4290,0.012863927
4291,0.121653027
4292,0.059768757
4293,0.018994786
4294,0.071594362
4295,0.09834181
4296,0.308879608
4297,0.011963736
4298,0.16102819
4299,0.073639017
4300,0.049856732
4301,0.061017153
4302,0.013595484
4303,0.044966113
4304,0.125718136
4305,0.032752129
4306,0.187918932
4307,0.145715707
4308,0.374238311
4309,0.024942239
4310,0.072088839
4311,0.173098174
4312,0.019287359
4313,0.000755583
4314,0.059778902
4315,0.012119947
4316,0.387192276
4317,0.023250819
4318,0.379217694
4319,0.202427801
4320,0.055160968
4321,0.087551705
4322,0.020615174
4323,0.211431253
4324,0.134084971
4325,0.00097409
4326,0.202313115
4327,0.015365627
4328,0.03436108
4329,0.047915572
4330,0.237313346
4331,0.002575265
4332,0.247499719
4333,0.168466623
4334,0.165771903
4335,0.110028746
4336,0.064006972
4337,0.044468606
4338,0.199265234
4339,0.220636114
4340,0.043843542
4341,0.226489071
4342,0.001968398
4343,0.039597806
4344,0.120239068
4345,0.16785291
4346,0.024614136
4347,0.07213209
4348,0.249866571
4349,0.030211609
4350,0.009326549
4351,0.062841312
4352,0.112698273
4353,0.132379507
4354,0.109625964
4355,0.004140216
4356,0.09935838
4357,0.136277446
4358,0.047486202
4359,0.416951441
4360,0.036670324
4361,0.04963339
4362,0.056859589
4363,0.001053302
4364,0.000995563
4365,0.150888657
4366,0.358292074
4367,0.206457345
4368,0.002091299
4369,0.068282156
4370,0.049030902
4371,0.016302494
4372,0.091687791
4373,0.053188772
4374,0.914897757
4375,0.047988205
4376,0.171664367
4377,0.041830681
4378,0.031240803
4379,0.23975603
4380,0.053426015
4381,0.039401607
4382,0.136345154
4383,0.014700937
4384,0.069933284
4385,0.185000932
4386,0.034036223
4387,0.168388492
4388,0.004127081
4389,0.090621206
4390,0.623647416
4391,0.229298943
4392,0.055325269
4393,0.112381989
4394,0.107091639
4395,0.136332289
4396,0.085131866
4397,0.220983104
4398,0.019914852
4399,0.015707768
4400,0.147677377
4401,0.144276278
4402,0.027006323
4403,0.288759566
4404,0.071678496
4405,0.048538723
4406,0.002396573
4407,0.090570855
4408,0.359365892
4409,0.12409973
4410,0.168298232
4411,0.103664117
4412,0.000612135
4413,0.273535551
4414,0.014673367
4415,0.387270001
4416,0.002451632
4417,0.22702133
4418,0.014803021
4419,0.059866523
4420,0.070189157
4421,0.080416718
4422,0.112188282
4423,0.049612316
4424,0.049076512
4425,0.07006078
4426,0.186147009
4427,0.070407863
4428,0.007516767
4429,0.124451045
4430,0.230508063
4431,0.022036602
4432,0.017061475
4433,0.131265517
4434,0.019641325
4435,0.130706055
4436,0.017633177
4437,0.149124256
4438,0.12141744
4439,0.02561054
4440,0.065350038
4441,0.080108407
4442,0.320315433
4443,0.036132875
4444,0.142656731
4445,0.107124848
4446,0.066187691
4447,0.119011473
4448,0.046890008
4449,0.150909247
4450,0.149575997
4451,0.345826376
4452,0.099846227
4453,0.011694827
4454,0.017866011
4455,0.132292663
4456,0.071408969
4457,0.13017699
4458,0.135419351
4459,0.06374531
4460,0.02021866
4461,0.072363738
4462,0.085074246
4463,0.053475986
4464,0.004664284
4465,0.00622034
4466,0.309776296
4467,0.29931047
4468,0.003627732
4469,0.270230979
4470,0.133332759
4471,0.014975153
4472,0.075903139
4473,0.201500627
4474,0.09299134
4475,0.126361012
4476,0.010856748
4477,0.032617566
4478,0.006772462
4479,0.073596379
4480,0.118236735
4481,0.129486379
4482,0.169643242
4483,0.088783879
4484,0.038104485
4485,0.015097365
4486,0.383516699
4487,0.184570422
4488,0.045749073
4489,0.675724001
4490,0.028662233
4491,0.107128057
4492,0.28517379
4493,0.01819999
4494,0.07264151
4495,0.044999587
4496,0.051872778
4497,0.185189805
4498,0.023991435
4499,0.009688743
4500,0.061144908
4501,0.194592293
4502,0.070912897
4503,0.073446012
4504,0.008072961
4505,0.469980288
4506,0.088397304
4507,0.09554432
4508,0.015683573
4509,0.001159575
4510,0.003670845
4511,0.195138608
4512,0.146720349
4513,0.260277348
4514,0.07085862
4515,0.008706598
4516,0.044751389
4517,0.077242571
4518,0.040742865
4519,0.272551658
4520,0.096540307
4521,0.189826964
4522,0.165966504
4523,0.007363276
4524,0.031835433
4525,0.039621252
4526,0.136165273
4527,0.297824049
4528,0.032591745
4529,0.010066481
4530,0.13312042
4531,0.210712241
4532,0.150965929
4533,0.05053329
4534,0.005401449
4535,0.035865051
4536,0.116256444
4537,0.016225719
4538,0.137377957
4539,0.071157666
4540,0.032788613
4541,0.079333457
4542,0.144884461
4543,0.075404696
4544,0.125584362
4545,0.027566938
4546,0.012469223
4547,0.046712048
4548,0.06122446
4549,0.150761488
4550,0.160337276
4551,0.01748
4552,0.565111099
4553,0.247896689
4554,0.093579334
4555,0.082992956
4556,0.041453343
4557,0.316550892
4558,0.113554186
4559,0.079250946
4560,0.037711127
4561,0.070338227
4562,0.053748102
4563,0.214844682
4564,0.095318796
4565,0.149820679
4566,0.148004875
4567,0.039243021
4568,0.016686227
4569,0.038169496
4570,0.225497703
4571,0.003972839
4572,0.153752338
4573,0.137685541
4574,0.003667752
4575,0.092010177
4576,0.027117087
4577,0.033265285
4578,0.030480974
4579,0.199671146
4580,0.117711829
4581,0.133709309
4582,0.087142361
4583,0.172316954
4584,0.029999763
4585,0.168041126
4586,0.16637366
4587,0.028117655
4588,0.025494941
4589,0.064851079
4590,0.167485463
4591,0.064984113
4592,0.282813271
4593,0.088185539
4594,0.018699467
4595,0.141066824
4596,0.071798504
4597,0.033135095
4598,0.069585226
4599,0.029096096
4600,0.014301741
4601,0.008156662
4602,0.036666331
4603,0.090985282
4604,0.158387411
4605,0.20156545
4606,0.178734148
4607,0.010741077
4608,0.265924653
4609,0.027895899
4610,0.092718305
4611,0.011406755
4612,0.147020907
4613,0.033491519
4614,0.040170892
4615,0.217818914
4616,0.034674123
4617,0.206212562
4618,0.007197522
4619,0.000831732
4620,0.092454912
4621,0.194506673
4622,0.368301282
4623,0.101271324
4624,0.078668925
4625,0.069608503
4626,0.052055843
4627,0.020736766
4628,0.030458769
4629,0.416219988
4630,0.121850087
4631,0.088661957
4632,0.288909037
4633,0.067750578
4634,0.071639922
4635,0.247757096
4636,0.298073023
4637,0.031353586
4638,0.032654188
4639,0.092066568
4640,0.032379735
4641,0.173547926
4642,0.171519389
4643,0.110861433
4644,0.031909857
4645,0.130759224
4646,0.026842296
4647,0.015214639
4648,0.055954669
4649,0.207045455
4650,0.017236484
4651,0.024996433
4652,0.278521493
4653,0.063290372
4654,0.089792999
4655,0.006802795
4656,0.058811941
4657,0.006603168
4658,0.088467028
4659,0.068575277
4660,0.008332521
4661,0.171866399
4662,0.168350531
4663,0.003088643
4664,0.179274141
4665,0.10030427
4666,0.093598821
4667,0.019187201
4668,0.10959346
4669,0.262496642
4670,0.275886574
4671,0.05969838
4672,0.049639807
4673,0.117166348
4674,0.019208769
4675,0.12176722
4676,0.15065371
4677,0.081486248
4678,0.008747868
4679,0.105326884
4680,0.057655991
4681,0.204283266
4682,0.064955577
4683,0.083871667
4684,0.044105467
4685,0.098889798
4686,0.053796036
4687,0.076910991
4688,0.013770146
4689,0.057810978
4690,0.020816293
4691,0.045737248
4692,0.182394169
4693,0.05380033
4694,0.167191796
4695,0.096847005
4696,0.033330154
4697,0.028298193
4698,0.070457747
4699,0.232344639
4700,0.11490602
4701,0.298994959
4702,0.134576258
4703,0.06928697
4704,0.030807741
4705,0.071052875
4706,0.164209425
4707,0.031432736
4708,0.115477887
4709,0.165542876
4710,0.059232256
4711,0.150851415
4712,0.013961596
4713,0.123182407
4714,0.049695045
4715,0.141153292
4716,0.182410562
4717,0.284642295
4718,0.024120488
4719,0.003545587
4720,0.1074492
4721,0.075946977
4722,0.015595262
4723,0.00818121
4724,0.270851657
4725,0.073061659
4726,0.013407478
4727,0.182240288
4728,0.26351049
4729,0.185197639
4730,0.036193881
4731,0.421467626
4732,0.127996055
4733,0.058827216
4734,0.061456699
4735,0.049251008
4736,0.026691435
4737,0.074289515
4738,0.1652776
4739,0.016188321
4740,0.186204523
4741,0.056119095
4742,0.008897924
4743,0.089386139
4744,0.093601918
4745,0.013150393
4746,0.116994512
4747,0.060972477
4748,0.070931579
4749,0.14788032
4750,0.020557234
4751,0.091586185
4752,0.066801492
4753,0.011481273
4754,0.024846375
4755,0.173277738
4756,0.039093578
4757,0.016402754
4758,0.033572409
4759,0.121919271
4760,0.021410242
4761,0.165473157
4762,0.083239407
4763,0.077843203
4764,0.012137483
4765,0.01208845
4766,0.049965492
4767,0.066166235
4768,0.013136308
4769,0.04386408
4770,0.006731461
4771,0.128415457
4772,0.018489426
4773,0.148423946
4774,0.023501162
4775,0.080425039
4776,0.181588019
4777,0.193231874
4778,0.006621057
4779,0.661961819
4780,0.034421098
4781,0.513873077
4782,0.090274059
4783,0.104714233
4784,0.076613866
4785,0.059594326
4786,0.003686134
4787,0.020029456
4788,0.254095736
4789,0.154584119
4790,0.066774386
4791,0.129821288
4792,0.179334747
4793,0.106409039
4794,0.006231773
4795,0.325936412
4796,0.006259297
4797,0.053696899
4798,0.085413753
4799,0.162784467
4800,0.001256252
4801,0.118387668
4802,0.037885588
4803,0.516136415
4804,0.026506145
4805,0.077539301
4806,0.281009634
4807,0.141831458
4808,0.126977582
4809,0.000397516
4810,0.095742118
4811,0.023632564
4812,0.207695887
4813,0.000848041
4814,0.004143416
4815,0.214608477
4816,0.071595361
4817,0.057010952
4818,0.148022771
4819,0.087401358
4820,0.083412116
4821,0.058777056
4822,0.137830673
4823,0.056193409
4824,0.046056151
4825,0.000753548
4826,0.057938564
4827,0.041413313
4828,0.065638093
4829,0.035605888
4830,0.04052776
4831,0.007647244
4832,0.007606329
4833,0.015014629
4834,0.144948002
4835,0.028607509
4836,0.01872434
4837,0.039511506
4838,0.17794374
4839,0.130032839
4840,0.046566662
4841,0.03721206
4842,0.179564643
4843,0.014327954
4844,0.081182797
4845,0.194826627
4846,0.025814883
4847,0.072836812
4848,0.259640558
4849,0.060940688
4850,0.096818703
4851,0.098700998
4852,0.071155407
4853,0.067000032
4854,0.057384933
4855,0.126884923
4856,0.047339148
4857,0.009312236
4858,0.019946112
4859,0.105922881
4860,0.124439576
4861,0.225606866
4862,0.032239518
4863,0.239688706
4864,0.192362762
4865,0.160564537
4866,0.002594849
4867,0.184323961
4868,0.146936377
4869,0.078548444
4870,0.284968218
4871,0.354083741
4872,0.130553058
4873,0.093304743
4874,0.032494341
4875,0.277163696
4876,0.5202676
4877,0.054643897
4878,0.016876595
4879,0.213582112
4880,0.055601929
4881,0.024892751
4882,0.074768409
4883,0.072134364
4884,0.011051805
4885,0.091270517
4886,0.019110644
4887,0.057953085
4888,0.008378572
4889,0.330549579
4890,0.083612561
4891,0.014951234
4892,0.095869619
4893,0.009288527
4894,0.39351565
4895,0.020785521
4896,0.049458585
4897,0.175138594
4898,0.02653751
4899,0.010087055
4900,0.067501662
4901,0.250648704
4902,0.108046209
4903,0.404549336
4904,0.355709531
4905,0.253986964
4906,0.107780978
4907,0.151569782
4908,0.432567982
4909,0.032787001
4910,0.154878128
4911,0.013709944
4912,0.354946674
4913,0.142502848
4914,0.267811306
4915,0.022442865
4916,0.046536855
4917,0.069021457
4918,0.03612219
4919,0.023107191
4920,0.139249473
4921,0.164265693
4922,0.108192751
4923,0.16546616
4924,0.117260305
4925,0.064318923
4926,0.178176735
4927,0.008763396
4928,0.161716264
4929,0.128885055
4930,0.11204446
4931,0.042901159
4932,0.097620995
4933,0.055587094
4934,0.02720972
4935,0.271789577
4936,0.040907257
4937,0.134916407
4938,0.142078102
4939,0.028453602
4940,0.090567392
4941,0.021225081
4942,0.429955992
4943,0.028987507
4944,0.048572004
4945,0.272519405
4946,0.084281224
4947,0.007421666
4948,0.16928545
4949,0.394961366
4950,0.094796002
4951,0.013677789
4952,0.195085807
4953,0.046716165
4954,0.025713133
4955,0.012890407
4956,0.068752703
4957,0.099735268
4958,0.099089104
4959,0.106345687
4960,0.142555927
4961,0.114421596
4962,0.098641428
4963,0.145399619
4964,0.169484354
4965,0.005813411
4966,0.011373781
4967,0.07767013
4968,0.010745647
4969,0.180008744
4970,0.243902065
4971,0.213401913
4972,0.100668095
4973,0.045808144
4974,0.056783399
4975,0.013210683
4976,0.181267919
4977,0.036327772
4978,0.098781195
4979,0.119345043
4980,0.05596686
4981,0.091123071
4982,0.244813019
4983,0.113976044
4984,0.022243702
4985,0.0617289
4986,0.237309389
4987,0.050583333
4988,0.199317474
4989,0.048532771
4990,0.167327727
4991,0.033218505
4992,0.166558213
4993,0.058937034
4994,0.228993111
4995,0.127709206
4996,0.22966296
4997,0.031236532
4998,0.09575367
4999,0.007515142
5000,0.04836254
